-- phpMyAdmin SQL Dump
-- version 5.2.0
-- https://www.phpmyadmin.net/
--
-- Host: 127.0.0.1
-- Waktu pembuatan: 23 Des 2023 pada 08.45
-- Versi server: 10.4.24-MariaDB
-- Versi PHP: 8.1.6

SET SQL_MODE = "NO_AUTO_VALUE_ON_ZERO";
START TRANSACTION;
SET time_zone = "+00:00";


/*!40101 SET @OLD_CHARACTER_SET_CLIENT=@@CHARACTER_SET_CLIENT */;
/*!40101 SET @OLD_CHARACTER_SET_RESULTS=@@CHARACTER_SET_RESULTS */;
/*!40101 SET @OLD_COLLATION_CONNECTION=@@COLLATION_CONNECTION */;
/*!40101 SET NAMES utf8mb4 */;

--
-- Database: `kreasin_3_gea_stg`
--

-- --------------------------------------------------------

--
-- Struktur dari tabel `ci_sessions`
--

CREATE TABLE `ci_sessions` (
  `id` varchar(40) NOT NULL,
  `ip_address` varchar(45) NOT NULL,
  `timestamp` int(10) UNSIGNED NOT NULL DEFAULT 0,
  `data` blob NOT NULL
) ENGINE=InnoDB DEFAULT CHARSET=utf8 ROW_FORMAT=COMPACT;

--
-- Dumping data untuk tabel `ci_sessions`
--

INSERT INTO `ci_sessions` (`id`, `ip_address`, `timestamp`, `data`) VALUES
('0ece5k94h5l3pkdtb5lj9r14mdn7ojra', '::1', 1703316604, 0x5f5f63695f6c6173745f726567656e65726174657c693a313730333331363630343b6e616d617c733a373a22616b756e74616e223b7374617475737c733a353a226c6f67696e223b726f6c657c733a373a22616b756e74616e223b616c6572745f6572726f727c733a3133353a223c7374726f6e673e537563636573733a203c2f7374726f6e673e0a2020202020202020202020203c62723e50726f73657320696d706f727420626572686173696c2c20646174612079616e6720626572686173696c206d6173756b20736562616e79616b203c7374726f6e673e322062617269733c2f7374726f6e673e2e0a2020202020202020223b616c6572745f6572726f725f747970657c733a31333a22616c6572742d73756363657373223b),
('0jjniq4hgp0r0kof7dqpi7qiqr2utkjd', '::1', 1702708063, 0x5f5f63695f6c6173745f726567656e65726174657c693a313730323730383036333b6e616d617c733a373a22616b756e74616e223b7374617475737c733a353a226c6f67696e223b726f6c657c733a373a22616b756e74616e223b),
('0qk2r63tr4j3tm1b5o29lqsebj30bpjl', '::1', 1702883053, 0x5f5f63695f6c6173745f726567656e65726174657c693a313730323838333035333b6e616d617c733a373a22616b756e74616e223b7374617475737c733a353a226c6f67696e223b726f6c657c733a373a22616b756e74616e223b),
('0rvoeo33sp1mqg1rcvi00vgu5j5hgdi0', '::1', 1703301918, 0x5f5f63695f6c6173745f726567656e65726174657c693a313730333330313931383b6e616d617c733a373a22616b756e74616e223b7374617475737c733a353a226c6f67696e223b726f6c657c733a373a22616b756e74616e223b),
('0t5p3kng64ah1nn8i9888qngpdd69dlg', '::1', 1703314231, 0x5f5f63695f6c6173745f726567656e65726174657c693a313730333331343233313b6e616d617c733a373a22616b756e74616e223b7374617475737c733a353a226c6f67696e223b726f6c657c733a373a22616b756e74616e223b616c6572745f6572726f727c733a3133353a223c7374726f6e673e537563636573733a203c2f7374726f6e673e0a2020202020202020202020203c62723e50726f73657320696d706f727420626572686173696c2c20646174612079616e6720626572686173696c206d6173756b20736562616e79616b203c7374726f6e673e322062617269733c2f7374726f6e673e2e0a2020202020202020223b616c6572745f6572726f725f747970657c733a31333a22616c6572742d73756363657373223b),
('149oorjtu0vft7mbjdrcflgcj6c7e9mp', '::1', 1703313576, 0x5f5f63695f6c6173745f726567656e65726174657c693a313730333331333537363b6e616d617c733a373a22616b756e74616e223b7374617475737c733a353a226c6f67696e223b726f6c657c733a373a22616b756e74616e223b616c6572745f6572726f727c733a3133353a223c7374726f6e673e537563636573733a203c2f7374726f6e673e0a2020202020202020202020203c62723e50726f73657320696d706f727420626572686173696c2c20646174612079616e6720626572686173696c206d6173756b20736562616e79616b203c7374726f6e673e322062617269733c2f7374726f6e673e2e0a2020202020202020223b616c6572745f6572726f725f747970657c733a31333a22616c6572742d73756363657373223b),
('25ek60jkd83jbbpt28de2eurtasu6r5p', '::1', 1702893516, 0x5f5f63695f6c6173745f726567656e65726174657c693a313730323839333531363b6e616d617c733a373a22616b756e74616e223b7374617475737c733a353a226c6f67696e223b726f6c657c733a373a22616b756e74616e223b),
('28l9t9rrkrigpsvqthikge243idoboar', '::1', 1702908699, 0x5f5f63695f6c6173745f726567656e65726174657c693a313730323930383639393b6e616d617c733a373a22616b756e74616e223b7374617475737c733a353a226c6f67696e223b726f6c657c733a373a22616b756e74616e223b),
('2pgnvtleefocsddqp41h7uq6qhju1i75', '::1', 1703317391, 0x5f5f63695f6c6173745f726567656e65726174657c693a313730333331373233373b6e616d617c733a373a22616b756e74616e223b7374617475737c733a353a226c6f67696e223b726f6c657c733a373a22616b756e74616e223b616c6572745f6572726f727c733a3133353a223c7374726f6e673e537563636573733a203c2f7374726f6e673e0a2020202020202020202020203c62723e50726f73657320696d706f727420626572686173696c2c20646174612079616e6720626572686173696c206d6173756b20736562616e79616b203c7374726f6e673e322062617269733c2f7374726f6e673e2e0a2020202020202020223b616c6572745f6572726f725f747970657c733a31333a22616c6572742d73756363657373223b),
('2ruv9c31ulukmtb2lkibr1vkg9p4vno5', '::1', 1703300692, 0x5f5f63695f6c6173745f726567656e65726174657c693a313730333330303639323b6e616d617c733a373a22616b756e74616e223b7374617475737c733a353a226c6f67696e223b726f6c657c733a373a22616b756e74616e223b),
('2s7e5ahufveh61ue11lrre675fqq2tcs', '::1', 1702910507, 0x5f5f63695f6c6173745f726567656e65726174657c693a313730323931303530373b6e616d617c733a373a22616b756e74616e223b7374617475737c733a353a226c6f67696e223b726f6c657c733a373a22616b756e74616e223b),
('2t2461ln5omg5kam5igh3srmcjr1imv1', '::1', 1702701672, 0x5f5f63695f6c6173745f726567656e65726174657c693a313730323730313637323b6e616d617c733a353a2261646d696e223b7374617475737c733a353a226c6f67696e223b726f6c657c733a353a2261646d696e223b),
('3apgrhgbktvl6fu77hmsupfe4n2sj8ll', '::1', 1703311712, 0x5f5f63695f6c6173745f726567656e65726174657c693a313730333331313731323b6e616d617c733a373a22616b756e74616e223b7374617475737c733a353a226c6f67696e223b726f6c657c733a373a22616b756e74616e223b),
('3r1ckl2c5k0vcfpvpckuh19180jd1863', '::1', 1703317237, 0x5f5f63695f6c6173745f726567656e65726174657c693a313730333331373233373b6e616d617c733a373a22616b756e74616e223b7374617475737c733a353a226c6f67696e223b726f6c657c733a373a22616b756e74616e223b616c6572745f6572726f727c733a3133353a223c7374726f6e673e537563636573733a203c2f7374726f6e673e0a2020202020202020202020203c62723e50726f73657320696d706f727420626572686173696c2c20646174612079616e6720626572686173696c206d6173756b20736562616e79616b203c7374726f6e673e322062617269733c2f7374726f6e673e2e0a2020202020202020223b616c6572745f6572726f725f747970657c733a31333a22616c6572742d73756363657373223b),
('3upj7s7n39qqa1g87hnmdq8o8hvenb6g', '::1', 1702705523, 0x5f5f63695f6c6173745f726567656e65726174657c693a313730323730353532333b6e616d617c733a373a22616b756e74616e223b7374617475737c733a353a226c6f67696e223b726f6c657c733a373a22616b756e74616e223b),
('4806nlpvt4pa9jajn47t7vveaim4i1m2', '::1', 1702902603, 0x5f5f63695f6c6173745f726567656e65726174657c693a313730323930323630333b6e616d617c733a373a22616b756e74616e223b7374617475737c733a353a226c6f67696e223b726f6c657c733a373a22616b756e74616e223b),
('482v33ba8p3n3l7bnjanombvcpd2htv6', '::1', 1703306527, 0x5f5f63695f6c6173745f726567656e65726174657c693a313730333330363532373b6e616d617c733a373a22616b756e74616e223b7374617475737c733a353a226c6f67696e223b726f6c657c733a373a22616b756e74616e223b),
('4gv8tiolp32543e66op98o6kvv88f7se', '::1', 1702911142, 0x5f5f63695f6c6173745f726567656e65726174657c693a313730323931313134323b6e616d617c733a373a22616b756e74616e223b7374617475737c733a353a226c6f67696e223b726f6c657c733a373a22616b756e74616e223b),
('4mhvd17rn3igmkimcfcdrv18itqfot07', '::1', 1703305166, 0x5f5f63695f6c6173745f726567656e65726174657c693a313730333330353136363b6e616d617c733a353a2261646d696e223b7374617475737c733a353a226c6f67696e223b726f6c657c733a353a2261646d696e223b737563636573737c733a34333a2272656b656e696e67203c7374726f6e673e426572686173696c3c2f7374726f6e673e204469686170757321223b5f5f63695f766172737c613a313a7b733a373a2273756363657373223b733a333a226f6c64223b7d),
('4nsi74rp3tqhihbh0amteq51sdebesut', '::1', 1702708852, 0x5f5f63695f6c6173745f726567656e65726174657c693a313730323730383738323b6e616d617c733a373a22616b756e74616e223b7374617475737c733a353a226c6f67696e223b726f6c657c733a373a22616b756e74616e223b),
('5bl087v3pbt5k8v7ep1fjb22fc0js5o2', '::1', 1703315944, 0x5f5f63695f6c6173745f726567656e65726174657c693a313730333331353934343b6e616d617c733a373a22616b756e74616e223b7374617475737c733a353a226c6f67696e223b726f6c657c733a373a22616b756e74616e223b616c6572745f6572726f727c733a3133353a223c7374726f6e673e537563636573733a203c2f7374726f6e673e0a2020202020202020202020203c62723e50726f73657320696d706f727420626572686173696c2c20646174612079616e6720626572686173696c206d6173756b20736562616e79616b203c7374726f6e673e322062617269733c2f7374726f6e673e2e0a2020202020202020223b616c6572745f6572726f725f747970657c733a31333a22616c6572742d73756363657373223b),
('5gpkt1crt2274sht6re9u4b72k3gm7tk', '::1', 1703315147, 0x5f5f63695f6c6173745f726567656e65726174657c693a313730333331353134373b6e616d617c733a373a22616b756e74616e223b7374617475737c733a353a226c6f67696e223b726f6c657c733a373a22616b756e74616e223b616c6572745f6572726f727c733a3133353a223c7374726f6e673e537563636573733a203c2f7374726f6e673e0a2020202020202020202020203c62723e50726f73657320696d706f727420626572686173696c2c20646174612079616e6720626572686173696c206d6173756b20736562616e79616b203c7374726f6e673e322062617269733c2f7374726f6e673e2e0a2020202020202020223b616c6572745f6572726f725f747970657c733a31333a22616c6572742d73756363657373223b),
('5macc14gor7rf5utob2s8jvc8lbi4tqt', '::1', 1703309675, 0x5f5f63695f6c6173745f726567656e65726174657c693a313730333330393637353b6e616d617c733a373a22616b756e74616e223b7374617475737c733a353a226c6f67696e223b726f6c657c733a373a22616b756e74616e223b),
('6de4alpi7h1fhjdtdra7dls4s4u683v0', '::1', 1702700841, 0x5f5f63695f6c6173745f726567656e65726174657c693a313730323730303834313b6e616d617c733a353a2261646d696e223b7374617475737c733a353a226c6f67696e223b726f6c657c733a353a2261646d696e223b),
('6ekgse0ck3b68emtiejvhjef08bn2oo1', '::1', 1702910825, 0x5f5f63695f6c6173745f726567656e65726174657c693a313730323931303832353b6e616d617c733a373a22616b756e74616e223b7374617475737c733a353a226c6f67696e223b726f6c657c733a373a22616b756e74616e223b),
('6sg89hqokhm1gpavuqt2kmjm4efss4dr', '::1', 1703306221, 0x5f5f63695f6c6173745f726567656e65726174657c693a313730333330363232313b6e616d617c733a373a22616b756e74616e223b7374617475737c733a353a226c6f67696e223b726f6c657c733a373a22616b756e74616e223b),
('6v081k0qtqrbhnjotmgr2gq7r9o6ulia', '::1', 1702909015, 0x5f5f63695f6c6173745f726567656e65726174657c693a313730323930393031353b6e616d617c733a373a22616b756e74616e223b7374617475737c733a353a226c6f67696e223b726f6c657c733a373a22616b756e74616e223b),
('71esqakdcab9ugkh8g2oqstt936u9rb1', '::1', 1703303366, 0x5f5f63695f6c6173745f726567656e65726174657c693a313730333330333336363b6e616d617c733a373a22616b756e74616e223b7374617475737c733a353a226c6f67696e223b726f6c657c733a373a22616b756e74616e223b),
('76e9uvk3tmfml5ajs1rcd00na1i6vo58', '::1', 1702913045, 0x5f5f63695f6c6173745f726567656e65726174657c693a313730323931333034353b6e616d617c733a373a22616b756e74616e223b7374617475737c733a353a226c6f67696e223b726f6c657c733a373a22616b756e74616e223b),
('7eil1fflf93bgamtvb2j42jtqjq9r5hh', '::1', 1702903835, 0x5f5f63695f6c6173745f726567656e65726174657c693a313730323930333833353b6e616d617c733a373a22616b756e74616e223b7374617475737c733a353a226c6f67696e223b726f6c657c733a373a22616b756e74616e223b),
('8b94tdsmjhacfhitvdlhvku5um5k77p0', '::1', 1702881756, 0x5f5f63695f6c6173745f726567656e65726174657c693a313730323838313735363b6e616d617c733a373a22616b756e74616e223b7374617475737c733a353a226c6f67696e223b726f6c657c733a373a22616b756e74616e223b),
('8dlootli4olqi9sr26u01978hb97ac4o', '::1', 1702707926, 0x5f5f63695f6c6173745f726567656e65726174657c693a313730323730373932363b),
('8h17fdqa0bjamq92ajk2opok7fikkous', '::1', 1702879896, 0x5f5f63695f6c6173745f726567656e65726174657c693a313730323837393839363b6e616d617c733a373a22616b756e74616e223b7374617475737c733a353a226c6f67696e223b726f6c657c733a373a22616b756e74616e223b),
('8i2duf3t3mi0dgtahs46e400lq67eaqf', '::1', 1702909691, 0x5f5f63695f6c6173745f726567656e65726174657c693a313730323930393639313b6e616d617c733a373a22616b756e74616e223b7374617475737c733a353a226c6f67696e223b726f6c657c733a373a22616b756e74616e223b),
('8n8gutgrh6mcknfnlcsrodrsf4k35b53', '::1', 1703302285, 0x5f5f63695f6c6173745f726567656e65726174657c693a313730333330323238353b6e616d617c733a373a22616b756e74616e223b7374617475737c733a353a226c6f67696e223b726f6c657c733a373a22616b756e74616e223b),
('8sj0ee9pplvd4hv4rt7frmide5ibq41i', '::1', 1703302608, 0x5f5f63695f6c6173745f726567656e65726174657c693a313730333330323630383b6e616d617c733a373a22616b756e74616e223b7374617475737c733a353a226c6f67696e223b726f6c657c733a373a22616b756e74616e223b),
('900s3o1ah93kp1sd0vfj99lndsejntiq', '::1', 1703309367, 0x5f5f63695f6c6173745f726567656e65726174657c693a313730333330393336373b6e616d617c733a373a22616b756e74616e223b7374617475737c733a353a226c6f67696e223b726f6c657c733a373a22616b756e74616e223b),
('94cbdu39ajncc5c41i4ia7snlmk979kt', '::1', 1703309036, 0x5f5f63695f6c6173745f726567656e65726174657c693a313730333330393033363b6e616d617c733a373a22616b756e74616e223b7374617475737c733a353a226c6f67696e223b726f6c657c733a373a22616b756e74616e223b),
('9d5k28uh57fg165u9u8p2oll00u9v92h', '::1', 1702704660, 0x5f5f63695f6c6173745f726567656e65726174657c693a313730323730343636303b6e616d617c733a353a2261646d696e223b7374617475737c733a353a226c6f67696e223b726f6c657c733a353a2261646d696e223b),
('9emrek5n7b2onfosd2bo5h8vpcv849fq', '::1', 1702912549, 0x5f5f63695f6c6173745f726567656e65726174657c693a313730323931323534393b6e616d617c733a373a22616b756e74616e223b7374617475737c733a353a226c6f67696e223b726f6c657c733a373a22616b756e74616e223b),
('9kvp6pa6niu22fotp0els9ll64racnon', '::1', 1703308584, 0x5f5f63695f6c6173745f726567656e65726174657c693a313730333330383538343b6e616d617c733a373a22616b756e74616e223b7374617475737c733a353a226c6f67696e223b726f6c657c733a373a22616b756e74616e223b),
('a155ek5ui2v3kiodf2340m71sqdi44g7', '::1', 1702883625, 0x5f5f63695f6c6173745f726567656e65726174657c693a313730323838333538313b6e616d617c733a353a2261646d696e223b7374617475737c733a353a226c6f67696e223b726f6c657c733a353a2261646d696e223b),
('aac0irir8h3vie79ckrabtjna8m25kbv', '::1', 1702909447, 0x5f5f63695f6c6173745f726567656e65726174657c693a313730323930393434373b),
('aiil0gdogstd6g8oq11mbi7lv55p6vtu', '::1', 1702901943, 0x5f5f63695f6c6173745f726567656e65726174657c693a313730323930313934333b6e616d617c733a373a22616b756e74616e223b7374617475737c733a353a226c6f67696e223b726f6c657c733a373a22616b756e74616e223b),
('al0nspeb3kdgieg574tfvnhjcbdhlhsj', '::1', 1703306555, 0x5f5f63695f6c6173745f726567656e65726174657c693a313730333330363535353b6e616d617c733a353a2261646d696e223b7374617475737c733a353a226c6f67696e223b726f6c657c733a353a2261646d696e223b),
('anj4v9k07598an61hp25ds0dos0mm8uk', '::1', 1702892565, 0x5f5f63695f6c6173745f726567656e65726174657c693a313730323839323536353b6e616d617c733a373a22616b756e74616e223b7374617475737c733a353a226c6f67696e223b726f6c657c733a373a22616b756e74616e223b),
('b3birmsm9qbfh4ftpoc97grk3pajmcc1', '::1', 1702891449, 0x5f5f63695f6c6173745f726567656e65726174657c693a313730323839313434393b),
('bmnea3ubu1v13boku1u9g5ji4ohmnon2', '::1', 1702879038, 0x5f5f63695f6c6173745f726567656e65726174657c693a313730323837393033383b6e616d617c733a373a22616b756e74616e223b7374617475737c733a353a226c6f67696e223b726f6c657c733a373a22616b756e74616e223b),
('brql0khs77a74kat06p0ktolon8ap8fb', '::1', 1703315448, 0x5f5f63695f6c6173745f726567656e65726174657c693a313730333331353434383b6e616d617c733a373a22616b756e74616e223b7374617475737c733a353a226c6f67696e223b726f6c657c733a373a22616b756e74616e223b616c6572745f6572726f727c733a3133353a223c7374726f6e673e537563636573733a203c2f7374726f6e673e0a2020202020202020202020203c62723e50726f73657320696d706f727420626572686173696c2c20646174612079616e6720626572686173696c206d6173756b20736562616e79616b203c7374726f6e673e322062617269733c2f7374726f6e673e2e0a2020202020202020223b616c6572745f6572726f725f747970657c733a31333a22616c6572742d73756363657373223b),
('cl2ots24qentgkna3fgot4tugmtblkda', '::1', 1702707705, 0x5f5f63695f6c6173745f726567656e65726174657c693a313730323730373730353b6e616d617c733a373a22616b756e74616e223b7374617475737c733a353a226c6f67696e223b726f6c657c733a373a22616b756e74616e223b),
('crj7i4cg9nubkb8f7t0on2o8v88ckq8b', '::1', 1702893872, 0x5f5f63695f6c6173745f726567656e65726174657c693a313730323839333837323b6e616d617c733a373a22616b756e74616e223b7374617475737c733a353a226c6f67696e223b726f6c657c733a373a22616b756e74616e223b),
('d05qnivrjlv30vo4756fhlahppojti3n', '::1', 1702891826, 0x5f5f63695f6c6173745f726567656e65726174657c693a313730323839313832363b6e616d617c733a373a22616b756e74616e223b7374617475737c733a353a226c6f67696e223b726f6c657c733a373a22616b756e74616e223b),
('d2r52knsef24k68i4i7n59d859nqd6p6', '::1', 1702879422, 0x5f5f63695f6c6173745f726567656e65726174657c693a313730323837393432323b6e616d617c733a373a22616b756e74616e223b7374617475737c733a353a226c6f67696e223b726f6c657c733a373a22616b756e74616e223b),
('d59s18panlq0s12456qiqvi50fsi76k0', '::1', 1702897195, 0x5f5f63695f6c6173745f726567656e65726174657c693a313730323839373139353b6e616d617c733a373a22616b756e74616e223b7374617475737c733a353a226c6f67696e223b726f6c657c733a373a22616b756e74616e223b),
('da9t9h8soquadsdi8a2u9vs0ik1an4rr', '::1', 1702913163, 0x5f5f63695f6c6173745f726567656e65726174657c693a313730323931333034353b6e616d617c733a373a22616b756e74616e223b7374617475737c733a353a226c6f67696e223b726f6c657c733a373a22616b756e74616e223b),
('det4stntajg4ht38mj1vc4b20akcqb63', '::1', 1703304565, 0x5f5f63695f6c6173745f726567656e65726174657c693a313730333330343536353b6e616d617c733a373a22616b756e74616e223b7374617475737c733a353a226c6f67696e223b726f6c657c733a373a22616b756e74616e223b),
('dh8gbd0ac022qja353l2119fsidd03vs', '::1', 1703305727, 0x5f5f63695f6c6173745f726567656e65726174657c693a313730333330353732373b6e616d617c733a353a2261646d696e223b7374617475737c733a353a226c6f67696e223b726f6c657c733a353a2261646d696e223b),
('du9dre1kr2jup8bo8bp79mhn05o3bqqj', '::1', 1703299038, 0x5f5f63695f6c6173745f726567656e65726174657c693a313730333239393033383b6e616d617c733a373a22616b756e74616e223b7374617475737c733a353a226c6f67696e223b726f6c657c733a373a22616b756e74616e223b),
('e9ksurb1e38pgpmqkbt1b01h0g1n7tae', '::1', 1702908021, 0x5f5f63695f6c6173745f726567656e65726174657c693a313730323930383032313b6e616d617c733a373a22616b756e74616e223b7374617475737c733a353a226c6f67696e223b726f6c657c733a373a22616b756e74616e223b),
('ee8sjpcmum8ntupl8unhu4dv6ofut623', '::1', 1702882658, 0x5f5f63695f6c6173745f726567656e65726174657c693a313730323838323635383b6e616d617c733a373a22616b756e74616e223b7374617475737c733a353a226c6f67696e223b726f6c657c733a373a22616b756e74616e223b),
('ehekqh37u5pt00jiekd03psdojq3s92c', '::1', 1702703598, 0x5f5f63695f6c6173745f726567656e65726174657c693a313730323730333539383b6e616d617c733a353a2261646d696e223b7374617475737c733a353a226c6f67696e223b726f6c657c733a353a2261646d696e223b),
('f48hdrd4j4jasu29vfieqfik6rapaol7', '::1', 1702704996, 0x5f5f63695f6c6173745f726567656e65726174657c693a313730323730343939363b6e616d617c733a353a2261646d696e223b7374617475737c733a353a226c6f67696e223b726f6c657c733a353a2261646d696e223b),
('ftgb706g3nsimlhedenj65q50ijcbap9', '::1', 1703304817, 0x5f5f63695f6c6173745f726567656e65726174657c693a313730333330343831373b6e616d617c733a353a2261646d696e223b7374617475737c733a353a226c6f67696e223b726f6c657c733a353a2261646d696e223b),
('g0k7tudtg2itg0mmic29vuvmjcfc5f0g', '::1', 1702890836, 0x5f5f63695f6c6173745f726567656e65726174657c693a313730323839303833363b),
('g2v9dch1uhgask4flnsaithf56s2nrc0', '::1', 1702899183, 0x5f5f63695f6c6173745f726567656e65726174657c693a313730323839393138333b6e616d617c733a373a22616b756e74616e223b7374617475737c733a353a226c6f67696e223b726f6c657c733a373a22616b756e74616e223b),
('g71u821uvkjdj2p2ph09qhpnjjkq4qqg', '::1', 1703301614, 0x5f5f63695f6c6173745f726567656e65726174657c693a313730333330313631343b6e616d617c733a373a22616b756e74616e223b7374617475737c733a353a226c6f67696e223b726f6c657c733a373a22616b756e74616e223b),
('g9m1ikb2i88r4deffjmrhgm7v987pck9', '::1', 1703304196, 0x5f5f63695f6c6173745f726567656e65726174657c693a313730333330343139363b6e616d617c733a353a2261646d696e223b7374617475737c733a353a226c6f67696e223b726f6c657c733a353a2261646d696e223b),
('ge0nou3qfsi21mqs5rbhjgggp1bbkq90', '::1', 1702893070, 0x5f5f63695f6c6173745f726567656e65726174657c693a313730323839333037303b6e616d617c733a353a2261646d696e223b7374617475737c733a353a226c6f67696e223b726f6c657c733a353a2261646d696e223b),
('gj7rl76ueggct4b0vh5kgeo5j0c2t6jr', '::1', 1702898853, 0x5f5f63695f6c6173745f726567656e65726174657c693a313730323839383835333b6e616d617c733a373a22616b756e74616e223b7374617475737c733a353a226c6f67696e223b726f6c657c733a373a22616b756e74616e223b),
('h4qved3o31rnk5df1ug97kb40r48dpfb', '::1', 1703307105, 0x5f5f63695f6c6173745f726567656e65726174657c693a313730333330373130353b6e616d617c733a353a2261646d696e223b7374617475737c733a353a226c6f67696e223b726f6c657c733a353a2261646d696e223b),
('hrb8bbd4bb3v9pluqvmv8c218ci7tfv8', '::1', 1702893538, 0x5f5f63695f6c6173745f726567656e65726174657c693a313730323839333435303b6e616d617c733a353a2261646d696e223b7374617475737c733a353a226c6f67696e223b726f6c657c733a353a2261646d696e223b),
('hucidks15gp00mhvrfsr81hkvq5cqca2', '::1', 1703307324, 0x5f5f63695f6c6173745f726567656e65726174657c693a313730333330373332343b6e616d617c733a373a22616b756e74616e223b7374617475737c733a353a226c6f67696e223b726f6c657c733a373a22616b756e74616e223b),
('i4to4n72m2ji422e6prvh057h0bsmdvf', '::1', 1702909383, 0x5f5f63695f6c6173745f726567656e65726174657c693a313730323930393338333b6e616d617c733a373a22616b756e74616e223b7374617475737c733a353a226c6f67696e223b726f6c657c733a373a22616b756e74616e223b),
('i97r3fbojova0c2sq6nph8b3a828ck9h', '::1', 1703300785, 0x5f5f63695f6c6173745f726567656e65726174657c693a313730333330303738353b6e616d617c733a353a2261646d696e223b7374617475737c733a353a226c6f67696e223b726f6c657c733a353a2261646d696e223b),
('io9gn9peql6oho9d2bkm1kv3ki46udgq', '::1', 1702894291, 0x5f5f63695f6c6173745f726567656e65726174657c693a313730323839343239313b6e616d617c733a373a22616b756e74616e223b7374617475737c733a353a226c6f67696e223b726f6c657c733a373a22616b756e74616e223b),
('isuh7u7pmpkii93umqllf744nd2akn6o', '::1', 1703317096, 0x5f5f63695f6c6173745f726567656e65726174657c693a313730333331363834373b6e616d617c733a353a2261646d696e223b7374617475737c733a353a226c6f67696e223b726f6c657c733a353a2261646d696e223b),
('iufflbj7qnif7lv5nnbtp37p592ovr0u', '::1', 1703304871, 0x5f5f63695f6c6173745f726567656e65726174657c693a313730333330343837313b6e616d617c733a373a22616b756e74616e223b7374617475737c733a353a226c6f67696e223b726f6c657c733a373a22616b756e74616e223b),
('j1fltnjmokov65977hdc9vtarrfdl5vg', '::1', 1702701347, 0x5f5f63695f6c6173745f726567656e65726174657c693a313730323730313334373b6e616d617c733a353a2261646d696e223b7374617475737c733a353a226c6f67696e223b726f6c657c733a353a2261646d696e223b),
('j89nao24h84np4cn3l9rnibgsoegojlg', '::1', 1702892585, 0x5f5f63695f6c6173745f726567656e65726174657c693a313730323839323538353b),
('jep3l8ri1mcusfsfffag29e0llcfkep2', '::1', 1703314733, 0x5f5f63695f6c6173745f726567656e65726174657c693a313730333331343733333b6e616d617c733a373a22616b756e74616e223b7374617475737c733a353a226c6f67696e223b726f6c657c733a373a22616b756e74616e223b616c6572745f6572726f727c733a3133353a223c7374726f6e673e537563636573733a203c2f7374726f6e673e0a2020202020202020202020203c62723e50726f73657320696d706f727420626572686173696c2c20646174612079616e6720626572686173696c206d6173756b20736562616e79616b203c7374726f6e673e322062617269733c2f7374726f6e673e2e0a2020202020202020223b616c6572745f6572726f725f747970657c733a31333a22616c6572742d73756363657373223b),
('jh9q3podmp6j7mrbokkvqvqmm8eh2h25', '::1', 1702905846, 0x5f5f63695f6c6173745f726567656e65726174657c693a313730323930353834363b6e616d617c733a373a22616b756e74616e223b7374617475737c733a353a226c6f67696e223b726f6c657c733a373a22616b756e74616e223b),
('jmbm4gomrqtv95rhvv99jkfk52jtnt5r', '::1', 1702705835, 0x5f5f63695f6c6173745f726567656e65726174657c693a313730323730353833353b6e616d617c733a373a22616b756e74616e223b7374617475737c733a353a226c6f67696e223b726f6c657c733a373a22616b756e74616e223b),
('jrka6sboth3tej2i1ita1npopcuciivi', '::1', 1702705006, 0x5f5f63695f6c6173745f726567656e65726174657c693a313730323730353030363b6e616d617c733a373a22616b756e74616e223b7374617475737c733a353a226c6f67696e223b726f6c657c733a373a22616b756e74616e223b),
('jt4ujddvgon6r2sj7phhktstf9kk1b45', '::1', 1702904140, 0x5f5f63695f6c6173745f726567656e65726174657c693a313730323930343134303b6e616d617c733a373a22616b756e74616e223b7374617475737c733a353a226c6f67696e223b726f6c657c733a373a22616b756e74616e223b),
('kgkkh54qescd0u2lg75s492hkads01ki', '::1', 1703310939, 0x5f5f63695f6c6173745f726567656e65726174657c693a313730333331303933393b6e616d617c733a373a22616b756e74616e223b7374617475737c733a353a226c6f67696e223b726f6c657c733a373a22616b756e74616e223b),
('lan9du13omt064c7s4ekcb194qqblo16', '::1', 1702910151, 0x5f5f63695f6c6173745f726567656e65726174657c693a313730323931303135313b6e616d617c733a373a22616b756e74616e223b7374617475737c733a353a226c6f67696e223b726f6c657c733a373a22616b756e74616e223b),
('lcpk8ajr3elprmhj0ra1d0lmbq85ftme', '::1', 1702909554, 0x5f5f63695f6c6173745f726567656e65726174657c693a313730323930393435353b6e616d617c733a353a2261646d696e223b7374617475737c733a353a226c6f67696e223b726f6c657c733a353a2261646d696e223b),
('lfm8e2kdo2461k3hmik9n3ok7hvrjcv4', '::1', 1702898196, 0x5f5f63695f6c6173745f726567656e65726174657c693a313730323839383139363b6e616d617c733a373a22616b756e74616e223b7374617475737c733a353a226c6f67696e223b726f6c657c733a373a22616b756e74616e223b),
('lp4p16lbohf7k7n9e3ok5ucr6uh0gurj', '::1', 1702905213, 0x5f5f63695f6c6173745f726567656e65726174657c693a313730323930353231333b6e616d617c733a373a22616b756e74616e223b7374617475737c733a353a226c6f67696e223b726f6c657c733a373a22616b756e74616e223b),
('m0p8sv6aqa495i1pd6vvcbkq256hrvnd', '::1', 1702883263, 0x5f5f63695f6c6173745f726567656e65726174657c693a313730323838333035333b6e616d617c733a373a22616b756e74616e223b7374617475737c733a353a226c6f67696e223b726f6c657c733a373a22616b756e74616e223b),
('micmkqqcspk73a5b4piqd1u3dpg1lojk', '::1', 1703307712, 0x5f5f63695f6c6173745f726567656e65726174657c693a313730333330373535353b6e616d617c733a353a2261646d696e223b7374617475737c733a353a226c6f67696e223b726f6c657c733a353a2261646d696e223b),
('n8tqpl10j4r2mfc76jrkhg1thu3gsu59', '::1', 1702881449, 0x5f5f63695f6c6173745f726567656e65726174657c693a313730323838313434393b6e616d617c733a373a22616b756e74616e223b7374617475737c733a353a226c6f67696e223b726f6c657c733a373a22616b756e74616e223b),
('nb6n2insrt35v08dlkpoatrppklimc5h', '::1', 1702905517, 0x5f5f63695f6c6173745f726567656e65726174657c693a313730323930353531373b6e616d617c733a373a22616b756e74616e223b7374617475737c733a353a226c6f67696e223b726f6c657c733a373a22616b756e74616e223b),
('nekladm7cdiuitmuf8jlsp0bkd4140ov', '::1', 1703316252, 0x5f5f63695f6c6173745f726567656e65726174657c693a313730333331363235323b6e616d617c733a373a22616b756e74616e223b7374617475737c733a353a226c6f67696e223b726f6c657c733a373a22616b756e74616e223b616c6572745f6572726f727c733a3133353a223c7374726f6e673e537563636573733a203c2f7374726f6e673e0a2020202020202020202020203c62723e50726f73657320696d706f727420626572686173696c2c20646174612079616e6720626572686173696c206d6173756b20736562616e79616b203c7374726f6e673e322062617269733c2f7374726f6e673e2e0a2020202020202020223b616c6572745f6572726f725f747970657c733a31333a22616c6572742d73756363657373223b),
('ng266apkte1u0ugjomgpsdl2diqhuprv', '::1', 1703308268, 0x5f5f63695f6c6173745f726567656e65726174657c693a313730333330383236383b6e616d617c733a373a22616b756e74616e223b7374617475737c733a353a226c6f67696e223b726f6c657c733a373a22616b756e74616e223b),
('nvkffuvpdkpjlvu03p4hh096m66t0vf1', '::1', 1703305877, 0x5f5f63695f6c6173745f726567656e65726174657c693a313730333330353837373b6e616d617c733a373a22616b756e74616e223b7374617475737c733a353a226c6f67696e223b726f6c657c733a373a22616b756e74616e223b),
('o3t35p5b6c09l2hkjmjqrrbpnsirqscl', '::1', 1702897869, 0x5f5f63695f6c6173745f726567656e65726174657c693a313730323839373836393b6e616d617c733a373a22616b756e74616e223b7374617475737c733a353a226c6f67696e223b726f6c657c733a373a22616b756e74616e223b),
('orsguhd2vs12u81ues5ac77odnk5n79v', '::1', 1703305271, 0x5f5f63695f6c6173745f726567656e65726174657c693a313730333330353237313b6e616d617c733a373a22616b756e74616e223b7374617475737c733a353a226c6f67696e223b726f6c657c733a373a22616b756e74616e223b),
('p3t1od0t1ac3cssee439avmifbeu6p42', '::1', 1702912147, 0x5f5f63695f6c6173745f726567656e65726174657c693a313730323931323134373b6e616d617c733a373a22616b756e74616e223b7374617475737c733a353a226c6f67696e223b726f6c657c733a373a22616b756e74616e223b),
('p700j0n9akhn65oqk45jeukii6u1i3bf', '::1', 1703313890, 0x5f5f63695f6c6173745f726567656e65726174657c693a313730333331333839303b6e616d617c733a373a22616b756e74616e223b7374617475737c733a353a226c6f67696e223b726f6c657c733a373a22616b756e74616e223b616c6572745f6572726f727c733a3133353a223c7374726f6e673e537563636573733a203c2f7374726f6e673e0a2020202020202020202020203c62723e50726f73657320696d706f727420626572686173696c2c20646174612079616e6720626572686173696c206d6173756b20736562616e79616b203c7374726f6e673e322062617269733c2f7374726f6e673e2e0a2020202020202020223b616c6572745f6572726f725f747970657c733a31333a22616c6572742d73756363657373223b),
('p9f6avped1qdkn2m3of0a9bc4o5uk8pt', '::1', 1702708048, 0x5f5f63695f6c6173745f726567656e65726174657c693a313730323730373932363b6e616d617c733a353a2261646d696e223b7374617475737c733a353a226c6f67696e223b726f6c657c733a353a2261646d696e223b),
('pha6s1achv676kdqk8lgr1stc3d06p2p', '::1', 1702880354, 0x5f5f63695f6c6173745f726567656e65726174657c693a313730323838303335343b6e616d617c733a373a22616b756e74616e223b7374617475737c733a353a226c6f67696e223b726f6c657c733a373a22616b756e74616e223b),
('plpcbb7sq3bmqtrmj9ej8dq7avsd2cbj', '::1', 1702898497, 0x5f5f63695f6c6173745f726567656e65726174657c693a313730323839383439373b6e616d617c733a373a22616b756e74616e223b7374617475737c733a353a226c6f67696e223b726f6c657c733a373a22616b756e74616e223b),
('pqjuipuclmmek3tsuafkll50btdeja82', '::1', 1702707280, 0x5f5f63695f6c6173745f726567656e65726174657c693a313730323730373238303b6e616d617c733a373a22616b756e74616e223b7374617475737c733a353a226c6f67696e223b726f6c657c733a373a22616b756e74616e223b),
('qi7a27oftksfp8vtcj7j7diomho1khv8', '::1', 1703307555, 0x5f5f63695f6c6173745f726567656e65726174657c693a313730333330373535353b6e616d617c733a353a2261646d696e223b7374617475737c733a353a226c6f67696e223b726f6c657c733a353a2261646d696e223b),
('qka2eivf29d73ki57h012fdjsovplpf4', '::1', 1702700440, 0x5f5f63695f6c6173745f726567656e65726174657c693a313730323730303434303b6e616d617c733a353a2261646d696e223b7374617475737c733a353a226c6f67696e223b726f6c657c733a353a2261646d696e223b),
('qp9v2knfrhsfkvhml34tto6qn87at4hj', '::1', 1702908363, 0x5f5f63695f6c6173745f726567656e65726174657c693a313730323930383336333b6e616d617c733a373a22616b756e74616e223b7374617475737c733a353a226c6f67696e223b726f6c657c733a373a22616b756e74616e223b),
('rhtbb570s25v2meqqa56o554rrkvpbqm', '::1', 1702893450, 0x5f5f63695f6c6173745f726567656e65726174657c693a313730323839333435303b6e616d617c733a353a2261646d696e223b7374617475737c733a353a226c6f67696e223b726f6c657c733a353a2261646d696e223b),
('rq4pk0q6gra4e4ogg9bqr624jsar4csh', '::1', 1702706281, 0x5f5f63695f6c6173745f726567656e65726174657c693a313730323730363238313b6e616d617c733a373a22616b756e74616e223b7374617475737c733a353a226c6f67696e223b726f6c657c733a373a22616b756e74616e223b),
('rvbmlv3fm108mljj5rd1u9baacdt04in', '::1', 1702891462, 0x5f5f63695f6c6173745f726567656e65726174657c693a313730323839313436323b6e616d617c733a373a22616b756e74616e223b7374617475737c733a353a226c6f67696e223b726f6c657c733a373a22616b756e74616e223b),
('s1g5nbcn5tj7augo14ggioqssu77ffsq', '::1', 1702708782, 0x5f5f63695f6c6173745f726567656e65726174657c693a313730323730383738323b6e616d617c733a373a22616b756e74616e223b7374617475737c733a353a226c6f67696e223b726f6c657c733a373a22616b756e74616e223b),
('s2ur0lkudrj7og89jfesei1dj7l9p481', '::1', 1703305576, 0x5f5f63695f6c6173745f726567656e65726174657c693a313730333330353537363b6e616d617c733a373a22616b756e74616e223b7374617475737c733a353a226c6f67696e223b726f6c657c733a373a22616b756e74616e223b),
('saus830qgbvduus14kdujme5ot4fp6bl', '::1', 1703307721, 0x5f5f63695f6c6173745f726567656e65726174657c693a313730333330373732313b6e616d617c733a373a22616b756e74616e223b7374617475737c733a353a226c6f67696e223b726f6c657c733a373a22616b756e74616e223b),
('scsp9v5m1b4abkombifl19tn8i4se7em', '::1', 1702908048, 0x5f5f63695f6c6173745f726567656e65726174657c693a313730323930383034383b),
('spsdhiv1ktgqevtb7m9gopqupgk3grqa', '::1', 1702911444, 0x5f5f63695f6c6173745f726567656e65726174657c693a313730323931313434343b6e616d617c733a373a22616b756e74616e223b7374617475737c733a353a226c6f67696e223b726f6c657c733a373a22616b756e74616e223b),
('srdb4selpr3gtc5cq24q8avhbkh3kc6t', '::1', 1702902927, 0x5f5f63695f6c6173745f726567656e65726174657c693a313730323930323932373b6e616d617c733a373a22616b756e74616e223b7374617475737c733a353a226c6f67696e223b726f6c657c733a373a22616b756e74616e223b),
('tn0ha85j61o3dpqs4ft8ht1r5kg96ifk', '::1', 1703313214, 0x5f5f63695f6c6173745f726567656e65726174657c693a313730333331333231343b6e616d617c733a373a22616b756e74616e223b7374617475737c733a353a226c6f67696e223b726f6c657c733a373a22616b756e74616e223b),
('to6pl26vkqi00bfc8hfome0sh6hceub1', '::1', 1702902259, 0x5f5f63695f6c6173745f726567656e65726174657c693a313730323930323235393b6e616d617c733a373a22616b756e74616e223b7374617475737c733a353a226c6f67696e223b726f6c657c733a373a22616b756e74616e223b),
('u19he3gb4lsiuqh97f6hpdfmdpv4obi6', '::1', 1703310347, 0x5f5f63695f6c6173745f726567656e65726174657c693a313730333331303334373b6e616d617c733a373a22616b756e74616e223b7374617475737c733a353a226c6f67696e223b726f6c657c733a373a22616b756e74616e223b),
('u6l2qpvs9lolt1nb87dvkde47oafkote', '::1', 1703304218, 0x5f5f63695f6c6173745f726567656e65726174657c693a313730333330343231383b6e616d617c733a373a22616b756e74616e223b7374617475737c733a353a226c6f67696e223b726f6c657c733a373a22616b756e74616e223b),
('u83do5ucp69t4iml0133d40t7noa2ihs', '::1', 1702706617, 0x5f5f63695f6c6173745f726567656e65726174657c693a313730323730363631373b6e616d617c733a373a22616b756e74616e223b7374617475737c733a353a226c6f67696e223b726f6c657c733a373a22616b756e74616e223b),
('ufgjfqm57qdb0l7imobt9h91vbgs93qo', '::1', 1703306142, 0x5f5f63695f6c6173745f726567656e65726174657c693a313730333330363134323b6e616d617c733a353a2261646d696e223b7374617475737c733a353a226c6f67696e223b726f6c657c733a353a2261646d696e223b),
('ugjvchbstnf49kmmtmd072cdi3e0k3lu', '::1', 1702881070, 0x5f5f63695f6c6173745f726567656e65726174657c693a313730323838313037303b6e616d617c733a373a22616b756e74616e223b7374617475737c733a353a226c6f67696e223b726f6c657c733a373a22616b756e74616e223b),
('ukscqv8erdl5fdb98gq5lv1u7o6ogcp5', '::1', 1703316910, 0x5f5f63695f6c6173745f726567656e65726174657c693a313730333331363931303b6e616d617c733a373a22616b756e74616e223b7374617475737c733a353a226c6f67696e223b726f6c657c733a373a22616b756e74616e223b616c6572745f6572726f727c733a3133353a223c7374726f6e673e537563636573733a203c2f7374726f6e673e0a2020202020202020202020203c62723e50726f73657320696d706f727420626572686173696c2c20646174612079616e6720626572686173696c206d6173756b20736562616e79616b203c7374726f6e673e322062617269733c2f7374726f6e673e2e0a2020202020202020223b616c6572745f6572726f725f747970657c733a31333a22616c6572742d73756363657373223b),
('umjfukd5bo5h2gn008ta3jqb68mmrlc4', '::1', 1702906154, 0x5f5f63695f6c6173745f726567656e65726174657c693a313730323930363135343b6e616d617c733a373a22616b756e74616e223b7374617475737c733a353a226c6f67696e223b726f6c657c733a373a22616b756e74616e223b),
('v9e5mcnar433smuo9eo5o7bt059vjgvt', '::1', 1702903300, 0x5f5f63695f6c6173745f726567656e65726174657c693a313730323930333330303b6e616d617c733a373a22616b756e74616e223b7374617475737c733a353a226c6f67696e223b726f6c657c733a373a22616b756e74616e223b),
('vh6ccfo52vui1j5rv440rh0ssuq9ijrj', '::1', 1702883581, 0x5f5f63695f6c6173745f726567656e65726174657c693a313730323838333538313b6e616d617c733a353a2261646d696e223b7374617475737c733a353a226c6f67696e223b726f6c657c733a353a2261646d696e223b),
('vqekbnlicbv78pfummdq29i0paif5jgp', '::1', 1702892254, 0x5f5f63695f6c6173745f726567656e65726174657c693a313730323839323235343b6e616d617c733a373a22616b756e74616e223b7374617475737c733a353a226c6f67696e223b726f6c657c733a373a22616b756e74616e223b);

-- --------------------------------------------------------

--
-- Struktur dari tabel `dt_daftar_aktiva`
--

CREATE TABLE `dt_daftar_aktiva` (
  `daftaraktiva_id` int(11) NOT NULL,
  `no_jurnal` varchar(255) DEFAULT NULL,
  `tanggal` date DEFAULT NULL,
  `keterangan` varchar(255) DEFAULT NULL,
  `tot_debit` decimal(15,2) NOT NULL,
  `tot_kredit` decimal(15,2) NOT NULL
) ENGINE=InnoDB DEFAULT CHARSET=utf8mb4 ROW_FORMAT=DYNAMIC;

--
-- Dumping data untuk tabel `dt_daftar_aktiva`
--

INSERT INTO `dt_daftar_aktiva` (`daftaraktiva_id`, `no_jurnal`, `tanggal`, `keterangan`, `tot_debit`, `tot_kredit`) VALUES
(1, 'B001', '2023-12-24', 'Beli Bahan', '1000000.00', '0.00');

-- --------------------------------------------------------

--
-- Struktur dari tabel `dt_daftar_aktiva_detail`
--

CREATE TABLE `dt_daftar_aktiva_detail` (
  `no_jurnal` varchar(20) DEFAULT NULL,
  `mastercoa_id` int(11) DEFAULT NULL,
  `debit` decimal(15,2) DEFAULT NULL,
  `kredit` decimal(15,2) DEFAULT NULL
) ENGINE=InnoDB DEFAULT CHARSET=utf8mb4 ROW_FORMAT=DYNAMIC;

--
-- Dumping data untuk tabel `dt_daftar_aktiva_detail`
--

INSERT INTO `dt_daftar_aktiva_detail` (`no_jurnal`, `mastercoa_id`, `debit`, `kredit`) VALUES
('12345', 2, '1000000.00', '0.00'),
('12345', 13, '0.00', '1000000.00'),
('SFDSF234', 2, '0.00', '20.00'),
('SFDSF234', 10, '20.00', '0.00'),
('12345', 2, '1000000.00', '0.00'),
('12345', 13, '0.00', '1000000.00'),
('SFDSF234', 2, '0.00', '20.00'),
('SFDSF234', 10, '20.00', '0.00'),
('12345', 2, '1000000.00', '0.00'),
('12345', 13, '0.00', '1000000.00'),
('SFDSF234', 2, '0.00', '20.00'),
('SFDSF234', 10, '20.00', '0.00'),
('B001', 94, '1000000.00', '0.00');

-- --------------------------------------------------------

--
-- Struktur dari tabel `dt_datakwitansi`
--

CREATE TABLE `dt_datakwitansi` (
  `datakwitansi_id` int(11) NOT NULL,
  `tanggal` date NOT NULL,
  `tanggalbayar` date DEFAULT NULL,
  `no_polisi` varchar(255) NOT NULL,
  `nama_driver` varchar(255) NOT NULL,
  `mastersupplier_id` int(11) NOT NULL,
  `tekananawal` float NOT NULL DEFAULT 0,
  `tekananakhir` float NOT NULL DEFAULT 0,
  `totalisatorawal` float NOT NULL DEFAULT 0,
  `totalisatorakhir` float NOT NULL DEFAULT 0,
  `volumegas` float NOT NULL DEFAULT 0,
  `total` float NOT NULL DEFAULT 0,
  `status` enum('Y','N') NOT NULL DEFAULT 'N'
) ENGINE=InnoDB DEFAULT CHARSET=utf8mb4;

--
-- Dumping data untuk tabel `dt_datakwitansi`
--

INSERT INTO `dt_datakwitansi` (`datakwitansi_id`, `tanggal`, `tanggalbayar`, `no_polisi`, `nama_driver`, `mastersupplier_id`, `tekananawal`, `tekananakhir`, `totalisatorawal`, `totalisatorakhir`, `volumegas`, `total`, `status`) VALUES
(17, '2023-12-24', NULL, '200 - B 2002 T', 'Bagas', 2, 200, 180, 200, 180, 20, 400000, 'Y'),
(18, '2023-12-31', NULL, '100 - B 1001 T', 'Gusnanda', 2, 300, 200, 400, 300, 100, 2000000, 'Y');

-- --------------------------------------------------------

--
-- Struktur dari tabel `dt_jurnal_balik`
--

CREATE TABLE `dt_jurnal_balik` (
  `jurnalbalik_id` int(11) NOT NULL,
  `no_jurnal` varchar(255) DEFAULT NULL,
  `tanggal` date DEFAULT NULL,
  `keterangan` varchar(255) DEFAULT NULL,
  `tot_debit` decimal(15,2) NOT NULL,
  `tot_kredit` decimal(15,2) NOT NULL
) ENGINE=InnoDB DEFAULT CHARSET=utf8mb4 ROW_FORMAT=DYNAMIC;

--
-- Dumping data untuk tabel `dt_jurnal_balik`
--

INSERT INTO `dt_jurnal_balik` (`jurnalbalik_id`, `no_jurnal`, `tanggal`, `keterangan`, `tot_debit`, `tot_kredit`) VALUES
(3, 'TS.0013', '2022-01-31', 'Jurnal Pemindahbukuan untuk Accumulasi : O/E: 1& 2', '63040331.99', '63040331.99'),
(4, 'TS.0014', '2022-01-31', 'Jurnal Penysesuaian Saldo Aktiva', '1.23', '1.23');

-- --------------------------------------------------------

--
-- Struktur dari tabel `dt_jurnal_balik_detail`
--

CREATE TABLE `dt_jurnal_balik_detail` (
  `no_jurnal` varchar(20) DEFAULT NULL,
  `mastercoa_id` int(11) DEFAULT NULL,
  `debit` decimal(15,2) NOT NULL,
  `kredit` decimal(15,2) NOT NULL
) ENGINE=InnoDB DEFAULT CHARSET=utf8mb4 ROW_FORMAT=DYNAMIC;

--
-- Dumping data untuk tabel `dt_jurnal_balik_detail`
--

INSERT INTO `dt_jurnal_balik_detail` (`no_jurnal`, `mastercoa_id`, `debit`, `kredit`) VALUES
('TS.0013', 61, '63040331.99', '0.00'),
('TS.0013', 62, '0.00', '63040331.99'),
('TS.0014', 75, '1.23', '0.00'),
('TS.0014', 69, '0.00', '0.01'),
('TS.0014', 68, '0.00', '1.11'),
('TS.0014', 70, '0.00', '0.06'),
('TS.0014', 62, '0.00', '0.05'),
('TS.0013', 61, '63040331.99', '0.00'),
('TS.0013', 62, '0.00', '63040331.99'),
('TS.0014', 75, '1.23', '0.00'),
('TS.0014', 69, '0.00', '0.01'),
('TS.0014', 68, '0.00', '1.11'),
('TS.0014', 70, '0.00', '0.06'),
('TS.0014', 62, '0.00', '0.05'),
('TS.0013', 61, '63040331.99', '0.00'),
('TS.0013', 62, '0.00', '63040331.99'),
('TS.0014', 75, '1.23', '0.00'),
('TS.0014', 69, '0.00', '0.01'),
('TS.0014', 68, '0.00', '1.11'),
('TS.0014', 70, '0.00', '0.06'),
('TS.0014', 62, '0.00', '0.05');

-- --------------------------------------------------------

--
-- Struktur dari tabel `dt_jurnal_keluar`
--

CREATE TABLE `dt_jurnal_keluar` (
  `jurnalkeluar_id` int(11) NOT NULL,
  `no_jurnal` varchar(255) DEFAULT NULL,
  `tanggal` date DEFAULT NULL,
  `keterangan` varchar(255) DEFAULT NULL,
  `tot_debit` decimal(15,2) NOT NULL,
  `tot_kredit` decimal(15,2) NOT NULL
) ENGINE=InnoDB DEFAULT CHARSET=utf8mb4 ROW_FORMAT=DYNAMIC;

-- --------------------------------------------------------

--
-- Struktur dari tabel `dt_jurnal_keluar_detail`
--

CREATE TABLE `dt_jurnal_keluar_detail` (
  `no_jurnal` varchar(20) DEFAULT NULL,
  `mastercoa_id` int(11) DEFAULT NULL,
  `debit` decimal(15,2) NOT NULL,
  `kredit` decimal(15,2) NOT NULL
) ENGINE=InnoDB DEFAULT CHARSET=utf8mb4 ROW_FORMAT=DYNAMIC;

-- --------------------------------------------------------

--
-- Struktur dari tabel `dt_jurnal_masuk`
--

CREATE TABLE `dt_jurnal_masuk` (
  `jurnalmasuk_id` int(11) NOT NULL,
  `no_jurnal` varchar(255) DEFAULT NULL,
  `tanggal` date DEFAULT NULL,
  `keterangan` varchar(255) DEFAULT NULL,
  `tot_debit` decimal(15,2) NOT NULL,
  `tot_kredit` decimal(15,2) NOT NULL,
  `status_postingan_jurnal` varchar(255) DEFAULT NULL,
  `tipe_jurnal` varchar(255) DEFAULT NULL,
  `status` enum('0','1') DEFAULT NULL,
  `qty` int(11) DEFAULT NULL,
  `hargasatuan` int(11) DEFAULT NULL
) ENGINE=InnoDB DEFAULT CHARSET=utf8mb4 ROW_FORMAT=DYNAMIC;

--
-- Dumping data untuk tabel `dt_jurnal_masuk`
--

INSERT INTO `dt_jurnal_masuk` (`jurnalmasuk_id`, `no_jurnal`, `tanggal`, `keterangan`, `tot_debit`, `tot_kredit`, `status_postingan_jurnal`, `tipe_jurnal`, `status`, `qty`, `hargasatuan`) VALUES
(30, 'JM01', '2022-01-01', 'Penjualan Tunai', '2000000.00', '2000000.00', NULL, '1', '0', NULL, NULL),
(31, 'JM02', '2022-01-03', 'Penjualan Termin', '5000000.00', '5000000.00', NULL, '1', '1', NULL, NULL),
(32, 'JM03', '2022-01-10', 'Pembelian Tunai', '3000000.00', '3000000.00', NULL, '2', '1', NULL, NULL),
(33, 'JM04', '2022-01-20', 'Sewa Gedung', '5000000.00', '5000000.00', NULL, '2', '0', NULL, NULL),
(34, 'JM05', '2022-01-25', 'Beban Gaji', '3000000.00', '3000000.00', NULL, '2', '0', NULL, NULL),
(35, 'JM06', '2022-01-27', 'Penjualan Tunai', '10000000.00', '10000000.00', NULL, '1', '0', NULL, NULL),
(36, 'JM07', '2022-01-29', 'Penjualan Kredit', '5000000.00', '5000000.00', NULL, '1', '1', NULL, NULL),
(37, 'JM08', '2022-01-29', 'Pembayaran Piutang', '2000000.00', '2000000.00', NULL, '1', '1', NULL, NULL),
(38, 'JM09', '2022-01-31', 'Bayar Listrik', '300000.00', '300000.00', NULL, '2', '1', NULL, NULL),
(39, 'JM10', '2023-04-27', 'Pembelian', '10000000.00', '10000000.00', NULL, '1', '0', NULL, NULL),
(45, 'JM0011', '0000-00-00', 'JM0011', '400000.00', '400000.00', NULL, '1', NULL, NULL, NULL),
(46, 'JM0092', '2023-07-06', 'JM0091', '750000.00', '750000.00', NULL, '1', '1', 200, 40000),
(51, 'GEA-OUT-202308-51', '2023-08-10', 'Tes', '100000.00', '100000.00', NULL, '2', '0', 100, 20000);

-- --------------------------------------------------------

--
-- Struktur dari tabel `dt_jurnal_masuk_detail`
--

CREATE TABLE `dt_jurnal_masuk_detail` (
  `no_jurnal` varchar(100) DEFAULT NULL,
  `mastercoa_id` int(11) DEFAULT NULL,
  `debit` decimal(15,2) NOT NULL,
  `kredit` decimal(15,2) NOT NULL
) ENGINE=InnoDB DEFAULT CHARSET=utf8mb4 ROW_FORMAT=DYNAMIC;

--
-- Dumping data untuk tabel `dt_jurnal_masuk_detail`
--

INSERT INTO `dt_jurnal_masuk_detail` (`no_jurnal`, `mastercoa_id`, `debit`, `kredit`) VALUES
('JM01', 93, '2000000.00', '0.00'),
('JM01', 109, '0.00', '2000000.00'),
('JM02', 109, '0.00', '5000000.00'),
('JM02', 93, '2500000.00', '0.00'),
('JM02', 95, '2500000.00', '0.00'),
('JM03', 116, '3000000.00', '0.00'),
('JM03', 93, '0.00', '3000000.00'),
('JM04', 111, '5000000.00', '0.00'),
('JM04', 93, '0.00', '5000000.00'),
('JM05', 110, '3000000.00', '0.00'),
('JM05', 93, '0.00', '3000000.00'),
('JM06', 117, '0.00', '10000000.00'),
('JM06', 93, '10000000.00', '0.00'),
('JM07', 117, '0.00', '5000000.00'),
('JM07', 95, '3000000.00', '0.00'),
('JM07', 93, '2000000.00', '0.00'),
('JM08', 95, '0.00', '2000000.00'),
('JM08', 93, '2000000.00', '0.00'),
('JM09', 93, '0.00', '300000.00'),
('JM09', 118, '300000.00', '0.00'),
('JM10', 93, '0.00', '10000000.00'),
('JM10', 116, '10000000.00', '0.00'),
('JM0011', 93, '400000.00', '400000.00'),
('JM0092', 93, '200000.00', '200000.00'),
('JM0092', 94, '500000.00', '500000.00'),
('JM0092', 94, '50000.00', '0.00'),
('JM0092', 99, '0.00', '50000.00'),
('GEA-IN-202308-51', 94, '100000.00', '0.00'),
('GEA-IN-202308-51', 98, '0.00', '50000.00'),
('GEA-IN-202308-51', 99, '0.00', '50000.00'),
('GEA-OUT-202308-51', 94, '100000.00', '0.00'),
('GEA-OUT-202308-51', 98, '0.00', '50000.00'),
('GEA-OUT-202308-51', 99, '0.00', '50000.00'),
('JM01', 93, '2000000.00', '0.00'),
('JM01', 109, '0.00', '2000000.00'),
('JM02', 109, '0.00', '5000000.00'),
('JM02', 93, '2500000.00', '0.00'),
('JM02', 95, '2500000.00', '0.00'),
('JM03', 116, '3000000.00', '0.00'),
('JM03', 93, '0.00', '3000000.00'),
('JM04', 111, '5000000.00', '0.00'),
('JM04', 93, '0.00', '5000000.00'),
('JM05', 110, '3000000.00', '0.00'),
('JM05', 93, '0.00', '3000000.00'),
('JM06', 117, '0.00', '10000000.00'),
('JM06', 93, '10000000.00', '0.00'),
('JM07', 117, '0.00', '5000000.00'),
('JM07', 95, '3000000.00', '0.00'),
('JM07', 93, '2000000.00', '0.00'),
('JM08', 95, '0.00', '2000000.00'),
('JM08', 93, '2000000.00', '0.00'),
('JM09', 93, '0.00', '300000.00'),
('JM09', 118, '300000.00', '0.00'),
('JM10', 93, '0.00', '10000000.00'),
('JM10', 116, '10000000.00', '0.00'),
('JM0011', 93, '400000.00', '400000.00'),
('JM0092', 93, '200000.00', '200000.00'),
('JM0092', 94, '500000.00', '500000.00'),
('JM0092', 94, '50000.00', '0.00'),
('JM0092', 99, '0.00', '50000.00'),
('GEA-IN-202308-51', 94, '100000.00', '0.00'),
('GEA-IN-202308-51', 98, '0.00', '50000.00'),
('GEA-IN-202308-51', 99, '0.00', '50000.00'),
('GEA-OUT-202308-51', 94, '100000.00', '0.00'),
('GEA-OUT-202308-51', 98, '0.00', '50000.00'),
('GEA-OUT-202308-51', 99, '0.00', '50000.00'),
('JM01', 93, '2000000.00', '0.00'),
('JM01', 109, '0.00', '2000000.00'),
('JM02', 109, '0.00', '5000000.00'),
('JM02', 93, '2500000.00', '0.00'),
('JM02', 95, '2500000.00', '0.00'),
('JM03', 116, '3000000.00', '0.00'),
('JM03', 93, '0.00', '3000000.00'),
('JM04', 111, '5000000.00', '0.00'),
('JM04', 93, '0.00', '5000000.00'),
('JM05', 110, '3000000.00', '0.00'),
('JM05', 93, '0.00', '3000000.00'),
('JM06', 117, '0.00', '10000000.00'),
('JM06', 93, '10000000.00', '0.00'),
('JM07', 117, '0.00', '5000000.00'),
('JM07', 95, '3000000.00', '0.00'),
('JM07', 93, '2000000.00', '0.00'),
('JM08', 95, '0.00', '2000000.00'),
('JM08', 93, '2000000.00', '0.00'),
('JM09', 93, '0.00', '300000.00'),
('JM09', 118, '300000.00', '0.00'),
('JM10', 93, '0.00', '10000000.00'),
('JM10', 116, '10000000.00', '0.00'),
('JM0011', 93, '400000.00', '400000.00'),
('JM0092', 93, '200000.00', '200000.00'),
('JM0092', 94, '500000.00', '500000.00'),
('JM0092', 94, '50000.00', '0.00'),
('JM0092', 99, '0.00', '50000.00'),
('GEA-IN-202308-51', 94, '100000.00', '0.00'),
('GEA-IN-202308-51', 98, '0.00', '50000.00'),
('GEA-IN-202308-51', 99, '0.00', '50000.00'),
('GEA-OUT-202308-51', 94, '100000.00', '0.00'),
('GEA-OUT-202308-51', 98, '0.00', '50000.00'),
('GEA-OUT-202308-51', 99, '0.00', '50000.00');

-- --------------------------------------------------------

--
-- Struktur dari tabel `dt_kelompokakun`
--

CREATE TABLE `dt_kelompokakun` (
  `id_kelompokakun` int(11) DEFAULT NULL,
  `nama` varchar(255) DEFAULT NULL
) ENGINE=InnoDB DEFAULT CHARSET=utf8 ROW_FORMAT=DYNAMIC;

--
-- Dumping data untuk tabel `dt_kelompokakun`
--

INSERT INTO `dt_kelompokakun` (`id_kelompokakun`, `nama`) VALUES
(1, 'Aset/Aktiva'),
(2, 'Kewajiban/Passiva'),
(3, 'Modal'),
(4, 'Pendapatan'),
(5, 'Beban');

-- --------------------------------------------------------

--
-- Struktur dari tabel `dt_mastercoa`
--

CREATE TABLE `dt_mastercoa` (
  `mastercoa_id` int(11) NOT NULL,
  `id_kelompokakun` int(11) DEFAULT NULL,
  `kode` varchar(100) NOT NULL,
  `nama` varchar(255) NOT NULL,
  `parent_id` int(11) DEFAULT NULL,
  `bank` varchar(100) DEFAULT NULL,
  `norekening` varchar(100) DEFAULT NULL,
  `atasnama` varchar(255) DEFAULT NULL,
  `jenis` enum('Debit','Kredit') DEFAULT NULL
) ENGINE=InnoDB DEFAULT CHARSET=utf8mb4 ROW_FORMAT=DYNAMIC;

--
-- Dumping data untuk tabel `dt_mastercoa`
--

INSERT INTO `dt_mastercoa` (`mastercoa_id`, `id_kelompokakun`, `kode`, `nama`, `parent_id`, `bank`, `norekening`, `atasnama`, `jenis`) VALUES
(2, 2, '200', 'Primary 200', NULL, 'BCA', '01918271', 'Asep Nandar', 'Debit'),
(3, 3, '300', 'Primary 300', NULL, 'BCA', '01918271', 'Asep Nandar', 'Debit'),
(4, 4, '400', 'Primary 400', NULL, 'BCA', '01918271', 'Asep Nandar', 'Debit'),
(5, 5, '500', 'Primary 500', NULL, 'BCA', '01918271', 'Asep Nandar', 'Debit'),
(93, 1, '101', 'Aset/Aktiva', 1, 'BRI', '320191921-01923810', 'Hakim Makarim', 'Debit'),
(94, 1, '102', 'Persediaan Barang Dagang', 1, 'BCA', '01918271', 'Asep Nandar', 'Debit'),
(95, 1, '103', 'Piutang Dagang', 1, 'BCA', '01918271', 'Asep Nandar', 'Debit'),
(96, 1, '104', 'Perlengkapan', 1, 'BCA', '01918271', 'Asep Nandar', 'Debit'),
(97, 1, '105', 'Iklan Dibayar Dimuka', 1, 'BCA', '01918271', 'Asep Nandar', 'Debit'),
(98, 1, '106', 'Sewa Dibayar Dimuka', 1, 'BCA', '01918271', 'Asep Nandar', 'Kredit'),
(99, 1, '107', 'Asuransi Dibayar Dimuka', 1, 'BCA', '01918271', 'Asep Nandar', 'Kredit'),
(100, 1, '121', 'Peralatan', 1, 'BCA', '01918271', 'Asep Nandar', 'Debit'),
(101, 1, '122', 'Akumulasi Penyusutan Peralatan', 1, 'BCA', '01918271', 'Asep Nandar', 'Debit'),
(102, 1, '123', 'Kendaraan', 1, 'BCA', '01918271', 'Asep Nandar', 'Kredit'),
(103, 1, '124', 'Akumulasi penyusutan Kendaraan', 1, 'BCA', '01918271', 'Asep Nandar', 'Debit'),
(104, 1, '125', 'Gedung', 1, 'BCA', '01918271', 'Asep Nandar', 'Debit'),
(105, 1, '126', 'Akumulasi penyusutan Gedung', 1, 'BCA', '01918271', 'Asep Nandar', 'Debit'),
(106, 1, '127', 'Tanah', 1, 'BCA', '01918271', 'Asep Nandar', 'Debit'),
(107, 2, '201', 'Utang', 2, 'BCA', '01918271', 'Asep Nandar', 'Debit'),
(108, 3, '301', 'Modal', 3, 'BCA', '01918271', 'Asep Nandar', 'Debit'),
(109, 4, '401', 'Pendapatan Usaha', 4, 'BCA', '01918271', 'Asep Nandar', 'Debit'),
(110, 5, '501', 'Beban Gaji', 5, 'BCA', '01918271', 'Asep Nandar', 'Debit'),
(111, 5, '502', 'Beban Sewa Gedung', 5, 'BCA', '01918271', 'Asep Nandar', 'Debit'),
(112, 5, '503', 'Beban Perlengkapan', 5, 'BCA', '01918271', 'Asep Nandar', 'Debit'),
(113, 5, '504', 'Beban Iklan', 5, 'BCA', '01918271', 'Asep Nandar', 'Debit'),
(114, 5, '505', 'Beban Penyusutan Peralatan', 5, 'BCA', '01918271', 'Asep Nandar', 'Debit'),
(115, 5, '506', 'Beban Lain Lain', 5, 'BCA', '01918271', 'Asep Nandar', 'Debit'),
(116, 5, '507', 'Pembelian', 5, 'BCA', '01918271', 'Asep Nandar', 'Debit'),
(117, 4, '402', 'Penjualan', 4, 'BCA', '01918271', 'Asep Nandar', 'Debit'),
(118, 5, '508', 'Beban Listrik', 5, 'BCA', '01918271', 'Asep Nandar', 'Debit'),
(135, 2, '100', 'Kewajiban/Passivas', 2, 'bb', '769', 'Asep', NULL);

-- --------------------------------------------------------

--
-- Struktur dari tabel `dt_mastercustomer`
--

CREATE TABLE `dt_mastercustomer` (
  `mastercustomer_id` int(11) NOT NULL,
  `namaperusahaan` varchar(255) NOT NULL DEFAULT '0',
  `alamat` varchar(255) NOT NULL DEFAULT '0',
  `namapic` varchar(255) NOT NULL DEFAULT '0',
  `notelp` varchar(255) NOT NULL DEFAULT '0',
  `radius` float NOT NULL DEFAULT 0,
  `harga_jual` varchar(255) DEFAULT NULL
) ENGINE=InnoDB DEFAULT CHARSET=utf8mb4;

--
-- Dumping data untuk tabel `dt_mastercustomer`
--

INSERT INTO `dt_mastercustomer` (`mastercustomer_id`, `namaperusahaan`, `alamat`, `namapic`, `notelp`, `radius`, `harga_jual`) VALUES
(1, 'PT Cipta Jaya', 'Subang Kota', 'PUC', '082249025414', 1500, '10000'),
(2, 'PT BAGAS PRAKASA', 'Jl. MT Haryono No.51, Cigadung, Subang', 'PT BPR', '0822', 1000, '50000'),
(3, 'PT AJISAKA', 'AJISAKA', 'AJISAKA', 'AJISAKA', 1000, NULL),
(4, 'PT USAHA JAYA', 'Jl. Brigjen Katamso', 'PUJ BEKASI KOTA', '0822490211313', 1000, '100000');

-- --------------------------------------------------------

--
-- Struktur dari tabel `dt_masterrekening`
--

CREATE TABLE `dt_masterrekening` (
  `masterrekening_id` int(11) NOT NULL,
  `namarekening` varchar(255) NOT NULL DEFAULT '0',
  `atasnama` varchar(255) NOT NULL DEFAULT '0',
  `norekening` varchar(255) NOT NULL DEFAULT '0'
) ENGINE=InnoDB DEFAULT CHARSET=utf8mb4;

--
-- Dumping data untuk tabel `dt_masterrekening`
--

INSERT INTO `dt_masterrekening` (`masterrekening_id`, `namarekening`, `atasnama`, `norekening`) VALUES
(1, 'BCA', 'GEA', '091892710'),
(2, 'BRI', 'Agus', '271028201828371');

-- --------------------------------------------------------

--
-- Struktur dari tabel `dt_mastersupplier`
--

CREATE TABLE `dt_mastersupplier` (
  `mastersupplier_id` int(11) NOT NULL,
  `namaspbg` varchar(255) DEFAULT NULL,
  `lokasispbg` varchar(255) DEFAULT NULL,
  `jarakspbg` float DEFAULT NULL,
  `hargasatuan` float DEFAULT NULL
) ENGINE=InnoDB DEFAULT CHARSET=utf8mb4;

--
-- Dumping data untuk tabel `dt_mastersupplier`
--

INSERT INTO `dt_mastersupplier` (`mastersupplier_id`, `namaspbg`, `lokasispbg`, `jarakspbg`, `hargasatuan`) VALUES
(1, 'SPBG subkot', 'Cibogo', 3, 50000),
(2, 'SPBG Kalijati', 'Kalijati', 5, 20000);

-- --------------------------------------------------------

--
-- Struktur dari tabel `dt_master_driver`
--

CREATE TABLE `dt_master_driver` (
  `id_driver` int(255) NOT NULL,
  `nama_driver` varchar(255) DEFAULT NULL,
  `alamat_driver` varchar(255) DEFAULT NULL
) ENGINE=InnoDB DEFAULT CHARSET=utf8mb4;

--
-- Dumping data untuk tabel `dt_master_driver`
--

INSERT INTO `dt_master_driver` (`id_driver`, `nama_driver`, `alamat_driver`) VALUES
(1, 'Gusnanda', 'Subang'),
(2, 'Bagas', 'Bekasi');

-- --------------------------------------------------------

--
-- Struktur dari tabel `dt_master_kendaraan`
--

CREATE TABLE `dt_master_kendaraan` (
  `id_kendaraan` int(255) NOT NULL,
  `ts` varchar(255) DEFAULT NULL,
  `plat_no` varchar(255) DEFAULT NULL
) ENGINE=InnoDB DEFAULT CHARSET=utf8mb4;

--
-- Dumping data untuk tabel `dt_master_kendaraan`
--

INSERT INTO `dt_master_kendaraan` (`id_kendaraan`, `ts`, `plat_no`) VALUES
(1, '100', 'B 1001 T'),
(2, '200', 'B 2002 T');

-- --------------------------------------------------------

--
-- Struktur dari tabel `dt_pengaturan`
--

CREATE TABLE `dt_pengaturan` (
  `pengaturan_id` int(11) NOT NULL,
  `nama` varchar(255) DEFAULT NULL,
  `email` varchar(255) DEFAULT NULL,
  `website` varchar(255) DEFAULT NULL,
  `alamat` varchar(255) DEFAULT NULL,
  `logo` varchar(255) DEFAULT NULL
) ENGINE=InnoDB DEFAULT CHARSET=utf8mb4 ROW_FORMAT=DYNAMIC;

--
-- Dumping data untuk tabel `dt_pengaturan`
--

INSERT INTO `dt_pengaturan` (`pengaturan_id`, `nama`, `email`, `website`, `alamat`, `logo`) VALUES
(1, 'Mutiara Softindo', 'mutiarasoftindo@gmail.com', 'www.mutiarasoftindo.co.id', 'Jl. H.Sofyan No. 121B Depok Jawa Barat 16451', '571315d2e70e12a05283cbb2ab3d8230.png');

-- --------------------------------------------------------

--
-- Struktur dari tabel `dt_penyusutan`
--

CREATE TABLE `dt_penyusutan` (
  `penyusutan_id` int(11) NOT NULL,
  `no_jurnal` varchar(255) DEFAULT NULL,
  `tanggal` date DEFAULT NULL,
  `keterangan` varchar(255) DEFAULT NULL,
  `tot_debit` decimal(15,2) NOT NULL,
  `tot_kredit` decimal(15,2) NOT NULL
) ENGINE=InnoDB DEFAULT CHARSET=utf8mb4 ROW_FORMAT=DYNAMIC;

--
-- Dumping data untuk tabel `dt_penyusutan`
--

INSERT INTO `dt_penyusutan` (`penyusutan_id`, `no_jurnal`, `tanggal`, `keterangan`, `tot_debit`, `tot_kredit`) VALUES
(91, 'TS.0004', '2022-01-31', 'Beban Penyusutan Rumah B-9 Januari 2022', '700451.35', '700451.35'),
(92, 'TS.0005', '2022-01-31', 'Beban Penyusutan O/E- 1 Januari 2022', '56500.46', '56500.46'),
(93, 'TS.0006', '2022-01-31', 'Beban Penyusutan O/E-2 Januari 2022', '36644.20', '36644.20'),
(94, 'TS.0007', '2022-01-31', 'Beban Penyusutan Kendaraan Sedan Jan 2022', '1695052.13', '1695052.13'),
(95, 'TS.0008', '2022-01-31', 'Beban Penyusutan Kendaraan Komersil Januari 2022', '10020205.91', '10020205.91'),
(96, 'TS.0009', '2022-01-31', 'Beban Penyusutan  Kendaraan Motor Januari 2022', '34505.45', '34505.45');

-- --------------------------------------------------------

--
-- Struktur dari tabel `dt_penyusutan_detail`
--

CREATE TABLE `dt_penyusutan_detail` (
  `no_jurnal` varchar(20) DEFAULT NULL,
  `mastercoa_id` int(11) DEFAULT NULL,
  `debit` decimal(15,2) NOT NULL,
  `kredit` decimal(15,2) NOT NULL
) ENGINE=InnoDB DEFAULT CHARSET=utf8mb4 ROW_FORMAT=DYNAMIC;

--
-- Dumping data untuk tabel `dt_penyusutan_detail`
--

INSERT INTO `dt_penyusutan_detail` (`no_jurnal`, `mastercoa_id`, `debit`, `kredit`) VALUES
('12345', 2, '1000000.00', '0.00'),
('12345', 13, '0.00', '1000000.00'),
('ERT214', 3, '0.00', '20.00'),
('ERT214', 14, '20.00', '0.00'),
('112222-Pen', 3, '3946484.00', '0.00'),
('112222-Pen', 64, '0.00', '3946484.00'),
('TS.0004', 59, '700451.35', '0.00'),
('TS.0004', 60, '0.00', '700451.35'),
('TS.0005', 64, '56500.46', '0.00'),
('TS.0005', 61, '0.00', '56500.46'),
('TS.0006', 64, '36644.20', '0.00'),
('TS.0006', 62, '0.00', '36644.20'),
('TS.0007', 65, '1695052.13', '0.00'),
('TS.0007', 68, '0.00', '1695052.13'),
('TS.0008', 66, '10020205.91', '0.00'),
('TS.0008', 69, '0.00', '10020205.91'),
('TS.0009', 67, '34505.45', '0.00'),
('TS.0009', 70, '0.00', '34505.45'),
('12345', 2, '1000000.00', '0.00'),
('12345', 13, '0.00', '1000000.00'),
('ERT214', 3, '0.00', '20.00'),
('ERT214', 14, '20.00', '0.00'),
('112222-Pen', 3, '3946484.00', '0.00'),
('112222-Pen', 64, '0.00', '3946484.00'),
('TS.0004', 59, '700451.35', '0.00'),
('TS.0004', 60, '0.00', '700451.35'),
('TS.0005', 64, '56500.46', '0.00'),
('TS.0005', 61, '0.00', '56500.46'),
('TS.0006', 64, '36644.20', '0.00'),
('TS.0006', 62, '0.00', '36644.20'),
('TS.0007', 65, '1695052.13', '0.00'),
('TS.0007', 68, '0.00', '1695052.13'),
('TS.0008', 66, '10020205.91', '0.00'),
('TS.0008', 69, '0.00', '10020205.91'),
('TS.0009', 67, '34505.45', '0.00'),
('TS.0009', 70, '0.00', '34505.45'),
('12345', 2, '1000000.00', '0.00'),
('12345', 13, '0.00', '1000000.00'),
('ERT214', 3, '0.00', '20.00'),
('ERT214', 14, '20.00', '0.00'),
('112222-Pen', 3, '3946484.00', '0.00'),
('112222-Pen', 64, '0.00', '3946484.00'),
('TS.0004', 59, '700451.35', '0.00'),
('TS.0004', 60, '0.00', '700451.35'),
('TS.0005', 64, '56500.46', '0.00'),
('TS.0005', 61, '0.00', '56500.46'),
('TS.0006', 64, '36644.20', '0.00'),
('TS.0006', 62, '0.00', '36644.20'),
('TS.0007', 65, '1695052.13', '0.00'),
('TS.0007', 68, '0.00', '1695052.13'),
('TS.0008', 66, '10020205.91', '0.00'),
('TS.0008', 69, '0.00', '10020205.91'),
('TS.0009', 67, '34505.45', '0.00'),
('TS.0009', 70, '0.00', '34505.45');

-- --------------------------------------------------------

--
-- Struktur dari tabel `dt_posting_bulanan`
--

CREATE TABLE `dt_posting_bulanan` (
  `postingbulanan_id` int(11) NOT NULL,
  `jurnalmasuk_id` int(11) DEFAULT NULL,
  `status_posting` varchar(255) DEFAULT NULL,
  `tgl_posting` date DEFAULT NULL,
  `tgl_awal` date DEFAULT NULL,
  `tgl_akhir` date DEFAULT NULL
) ENGINE=InnoDB DEFAULT CHARSET=utf8 ROW_FORMAT=DYNAMIC;

--
-- Dumping data untuk tabel `dt_posting_bulanan`
--

INSERT INTO `dt_posting_bulanan` (`postingbulanan_id`, `jurnalmasuk_id`, `status_posting`, `tgl_posting`, `tgl_awal`, `tgl_akhir`) VALUES
(295, 3, '1', '2023-03-16', '2022-01-01', '2022-01-31'),
(296, 5, '1', '2023-03-16', '2022-01-01', '2022-01-31'),
(297, 6, '1', '2023-03-16', '2022-01-01', '2022-01-31'),
(298, 7, '1', '2023-03-16', '2022-01-01', '2022-01-31'),
(299, 8, '1', '2023-03-16', '2022-01-01', '2022-01-31'),
(300, 9, '1', '2023-03-16', '2022-01-01', '2022-01-31'),
(301, 10, '1', '2023-03-16', '2022-01-01', '2022-01-31'),
(302, 11, '1', '2023-03-16', '2022-01-01', '2022-01-31'),
(303, 12, '1', '2023-03-16', '2022-01-01', '2022-01-31'),
(304, 13, '1', '2023-03-16', '2022-01-01', '2022-01-31'),
(305, 25, '1', '2023-03-16', '2022-01-01', '2022-01-31'),
(306, 26, '1', '2023-03-16', '2022-01-01', '2022-01-31'),
(307, 27, '1', '2023-03-16', '2022-01-01', '2022-01-31'),
(308, 3, '1', '2023-03-16', '2022-01-01', '2022-01-31'),
(309, 5, '1', '2023-03-16', '2022-01-01', '2022-01-31'),
(310, 6, '1', '2023-03-16', '2022-01-01', '2022-01-31'),
(311, 7, '1', '2023-03-16', '2022-01-01', '2022-01-31'),
(312, 8, '1', '2023-03-16', '2022-01-01', '2022-01-31'),
(313, 9, '1', '2023-03-16', '2022-01-01', '2022-01-31'),
(314, 10, '1', '2023-03-16', '2022-01-01', '2022-01-31'),
(315, 11, '1', '2023-03-16', '2022-01-01', '2022-01-31'),
(316, 12, '1', '2023-03-16', '2022-01-01', '2022-01-31'),
(317, 13, '1', '2023-03-16', '2022-01-01', '2022-01-31'),
(318, 25, '1', '2023-03-16', '2022-01-01', '2022-01-31'),
(319, 26, '1', '2023-03-16', '2022-01-01', '2022-01-31'),
(320, 27, '1', '2023-03-16', '2022-01-01', '2022-01-31');

-- --------------------------------------------------------

--
-- Struktur dari tabel `dt_saldo_awal`
--

CREATE TABLE `dt_saldo_awal` (
  `saldoawal_id` int(11) NOT NULL,
  `mastercoa_id` int(11) NOT NULL,
  `saldo_normal` decimal(15,2) NOT NULL,
  `saldo_akhir` decimal(15,2) DEFAULT NULL,
  `debit` decimal(15,2) DEFAULT NULL,
  `kredit` decimal(15,2) DEFAULT NULL,
  `status` varchar(255) DEFAULT NULL,
  `periode` varchar(255) DEFAULT NULL
) ENGINE=InnoDB DEFAULT CHARSET=utf8mb4 ROW_FORMAT=DYNAMIC;

--
-- Dumping data untuk tabel `dt_saldo_awal`
--

INSERT INTO `dt_saldo_awal` (`saldoawal_id`, `mastercoa_id`, `saldo_normal`, `saldo_akhir`, `debit`, `kredit`, `status`, `periode`) VALUES
(419, 93, '10000000.00', '0.00', '10000000.00', '0.00', '1', '2022'),
(420, 94, '5000000.00', '0.00', '5000000.00', '0.00', '1', '2022'),
(421, 95, '1000000.00', '0.00', '1000000.00', '0.00', '1', '2022'),
(422, 107, '3000000.00', '0.00', '0.00', '3000000.00', '2', '2022'),
(423, 108, '13000000.00', '0.00', '0.00', '13000000.00', '2', '2022'),
(425, 100, '0.00', NULL, '0.00', '0.00', NULL, NULL),
(426, 100, '0.00', NULL, '0.00', '0.00', NULL, NULL),
(427, 100, '0.00', NULL, '0.00', '0.00', NULL, NULL),
(428, 100, '0.00', NULL, '0.00', '0.00', NULL, NULL),
(429, 100, '10000.00', NULL, '0.00', '10000.00', NULL, NULL),
(430, 100, '20000.00', NULL, '0.00', '20000.00', NULL, NULL),
(431, 100, '10000.00', NULL, '10000.00', '0.00', NULL, NULL),
(432, 100, '20000.00', NULL, '20000.00', '0.00', NULL, NULL),
(433, 100, '10000.00', NULL, '10000.00', '0.00', NULL, NULL),
(434, 100, '20000.00', NULL, '20000.00', '0.00', NULL, NULL),
(435, 100, '10000.00', NULL, '10000.00', '0.00', NULL, NULL),
(436, 100, '20000.00', NULL, '20000.00', '0.00', NULL, NULL),
(437, 100, '10000.00', NULL, '10000.00', '0.00', NULL, NULL),
(438, 100, '20000.00', NULL, '20000.00', '0.00', NULL, NULL),
(439, 100, '10000.00', NULL, '10000.00', '0.00', NULL, '10000'),
(440, 100, '20000.00', NULL, '20000.00', '0.00', NULL, '20000'),
(441, 100, '10000.00', NULL, '10000.00', '0.00', NULL, '2023'),
(442, 100, '20000.00', NULL, '20000.00', '0.00', NULL, '2023'),
(443, 100, '10000.00', NULL, '10000.00', '0.00', NULL, NULL),
(444, 100, '20000.00', NULL, '20000.00', '0.00', NULL, NULL),
(451, 107, '10000.00', NULL, '10000.00', '0.00', NULL, '2023'),
(452, 108, '20000.00', NULL, '0.00', '20000.00', NULL, '2023');

-- --------------------------------------------------------

--
-- Struktur dari tabel `dt_selisih_kurs`
--

CREATE TABLE `dt_selisih_kurs` (
  `selisihkurs_id` int(11) NOT NULL,
  `no_jurnal` varchar(255) DEFAULT NULL,
  `tanggal` date DEFAULT NULL,
  `keterangan` varchar(255) DEFAULT NULL,
  `tot_debit` decimal(15,2) NOT NULL,
  `tot_kredit` decimal(15,2) NOT NULL
) ENGINE=InnoDB DEFAULT CHARSET=utf8mb4 ROW_FORMAT=DYNAMIC;

--
-- Dumping data untuk tabel `dt_selisih_kurs`
--

INSERT INTO `dt_selisih_kurs` (`selisihkurs_id`, `no_jurnal`, `tanggal`, `keterangan`, `tot_debit`, `tot_kredit`) VALUES
(1, 'TS.0010', '2022-01-31', 'Laba Selisih Kurs UOB. Januari 2022', '32121.50', '32121.50'),
(3, 'TS.0011', '2022-01-31', 'Rugi Selisih Kurus Petty   Cash USD.  Jan 2022', '3863.00', '3863.00');

-- --------------------------------------------------------

--
-- Struktur dari tabel `dt_selisih_kurs_detail`
--

CREATE TABLE `dt_selisih_kurs_detail` (
  `no_jurnal` varchar(20) DEFAULT NULL,
  `mastercoa_id` int(11) DEFAULT NULL,
  `debit` decimal(15,2) NOT NULL,
  `kredit` decimal(15,2) NOT NULL
) ENGINE=InnoDB DEFAULT CHARSET=utf8mb4 ROW_FORMAT=DYNAMIC;

--
-- Dumping data untuk tabel `dt_selisih_kurs_detail`
--

INSERT INTO `dt_selisih_kurs_detail` (`no_jurnal`, `mastercoa_id`, `debit`, `kredit`) VALUES
('12345', 2, '1000000.00', '0.00'),
('12345', 13, '0.00', '1000000.00'),
('DGDSG345', 2, '0.00', '5000.00'),
('DGDSG345', 13, '5000.00', '0.00'),
('TS.0010', 11, '32121.50', '0.00'),
('TS.0010', 71, '0.00', '32121.50'),
('TS.0011', 74, '3863.00', '0.00'),
('TS.0011', 2, '0.00', '3863.00'),
('12345', 2, '1000000.00', '0.00'),
('12345', 13, '0.00', '1000000.00'),
('DGDSG345', 2, '0.00', '5000.00'),
('DGDSG345', 13, '5000.00', '0.00'),
('TS.0010', 11, '32121.50', '0.00'),
('TS.0010', 71, '0.00', '32121.50'),
('TS.0011', 74, '3863.00', '0.00'),
('TS.0011', 2, '0.00', '3863.00'),
('12345', 2, '1000000.00', '0.00'),
('12345', 13, '0.00', '1000000.00'),
('DGDSG345', 2, '0.00', '5000.00'),
('DGDSG345', 13, '5000.00', '0.00'),
('TS.0010', 11, '32121.50', '0.00'),
('TS.0010', 71, '0.00', '32121.50'),
('TS.0011', 74, '3863.00', '0.00'),
('TS.0011', 2, '0.00', '3863.00');

-- --------------------------------------------------------

--
-- Struktur dari tabel `dt_suratjalan_customer`
--

CREATE TABLE `dt_suratjalan_customer` (
  `suratjalan_customer_id` int(11) NOT NULL,
  `datakwitansi_id` int(11) NOT NULL,
  `mastercustomer_id` int(11) NOT NULL,
  `tanggalkirim` date NOT NULL
) ENGINE=InnoDB DEFAULT CHARSET=utf8mb4;

--
-- Dumping data untuk tabel `dt_suratjalan_customer`
--

INSERT INTO `dt_suratjalan_customer` (`suratjalan_customer_id`, `datakwitansi_id`, `mastercustomer_id`, `tanggalkirim`) VALUES
(9, 15, 2, '2023-12-31'),
(10, 16, 2, '2024-01-25'),
(11, 17, 2, '2023-12-24'),
(13, 18, 2, '2023-12-31');

-- --------------------------------------------------------

--
-- Struktur dari tabel `dt_tagihan_customer`
--

CREATE TABLE `dt_tagihan_customer` (
  `tagihan_customer_id` int(11) NOT NULL,
  `mastercustomer_id` int(11) NOT NULL DEFAULT 0,
  `suratjalan_customer_id` int(11) NOT NULL DEFAULT 0,
  `tekananawal` float NOT NULL DEFAULT 0,
  `tekananakhir` float NOT NULL DEFAULT 0,
  `volumeberangkat` float NOT NULL DEFAULT 0,
  `volumepulang` varchar(255) DEFAULT NULL,
  `preasure` float NOT NULL DEFAULT 0,
  `meterawal` float NOT NULL DEFAULT 0,
  `meterakhir` float NOT NULL DEFAULT 0,
  `bbm` float NOT NULL DEFAULT 0,
  `ritase` float NOT NULL DEFAULT 0,
  `statushutang` enum('Y','N') DEFAULT 'N',
  `tanggalpulang` varchar(255) DEFAULT NULL,
  `t` varchar(255) DEFAULT NULL,
  `vt` varchar(255) DEFAULT NULL,
  `k` varchar(255) DEFAULT NULL,
  `ap` varchar(255) DEFAULT NULL,
  `sc` varchar(255) DEFAULT NULL,
  `harga` varchar(255) DEFAULT NULL,
  `total_tagihan` varchar(255) DEFAULT NULL
) ENGINE=InnoDB DEFAULT CHARSET=utf8mb4;

--
-- Dumping data untuk tabel `dt_tagihan_customer`
--

INSERT INTO `dt_tagihan_customer` (`tagihan_customer_id`, `mastercustomer_id`, `suratjalan_customer_id`, `tekananawal`, `tekananakhir`, `volumeberangkat`, `volumepulang`, `preasure`, `meterawal`, `meterakhir`, `bbm`, `ritase`, `statushutang`, `tanggalpulang`, `t`, `vt`, `k`, `ap`, `sc`, `harga`, `total_tagihan`) VALUES
(10, 2, 11, 200, 180, 20, '20', 200, 200, 220, 30, 30, 'Y', '', '36', '20', '1.04', '201.01325', '0.97', '1000000', '243338.59992'),
(11, 2, 13, 300, 200, 100, '100', 30, 18, 20, 30, 30, 'N', '2023-12-31', '36', '2', '1.006', '31.01325', '0.97', '5000000', '3631.6019538');

-- --------------------------------------------------------

--
-- Struktur dari tabel `dt_user`
--

CREATE TABLE `dt_user` (
  `id` int(11) NOT NULL,
  `username` varchar(255) NOT NULL,
  `password` varchar(255) NOT NULL,
  `role` enum('akuntan','admin','pimpinan') NOT NULL
) ENGINE=InnoDB DEFAULT CHARSET=latin1 ROW_FORMAT=COMPACT;

--
-- Dumping data untuk tabel `dt_user`
--

INSERT INTO `dt_user` (`id`, `username`, `password`, `role`) VALUES
(1, 'admin', '21232f297a57a5a743894a0e4a801fc3', 'admin'),
(2, 'akuntan', '5acc540c98fc1ca5aeaaa9d5c69771c8', 'akuntan'),
(4, 'pimpinan', '90973652b88fe07d05a4304f0a945de8', 'pimpinan');

--
-- Indexes for dumped tables
--

--
-- Indeks untuk tabel `ci_sessions`
--
ALTER TABLE `ci_sessions`
  ADD PRIMARY KEY (`id`) USING BTREE,
  ADD KEY `ci_sessions_timestamp` (`timestamp`) USING BTREE;

--
-- Indeks untuk tabel `dt_daftar_aktiva`
--
ALTER TABLE `dt_daftar_aktiva`
  ADD PRIMARY KEY (`daftaraktiva_id`) USING BTREE;

--
-- Indeks untuk tabel `dt_datakwitansi`
--
ALTER TABLE `dt_datakwitansi`
  ADD PRIMARY KEY (`datakwitansi_id`);

--
-- Indeks untuk tabel `dt_jurnal_balik`
--
ALTER TABLE `dt_jurnal_balik`
  ADD PRIMARY KEY (`jurnalbalik_id`) USING BTREE;

--
-- Indeks untuk tabel `dt_jurnal_keluar`
--
ALTER TABLE `dt_jurnal_keluar`
  ADD PRIMARY KEY (`jurnalkeluar_id`) USING BTREE;

--
-- Indeks untuk tabel `dt_jurnal_masuk`
--
ALTER TABLE `dt_jurnal_masuk`
  ADD PRIMARY KEY (`jurnalmasuk_id`) USING BTREE;

--
-- Indeks untuk tabel `dt_mastercoa`
--
ALTER TABLE `dt_mastercoa`
  ADD PRIMARY KEY (`mastercoa_id`) USING BTREE;

--
-- Indeks untuk tabel `dt_mastercustomer`
--
ALTER TABLE `dt_mastercustomer`
  ADD PRIMARY KEY (`mastercustomer_id`);

--
-- Indeks untuk tabel `dt_masterrekening`
--
ALTER TABLE `dt_masterrekening`
  ADD PRIMARY KEY (`masterrekening_id`);

--
-- Indeks untuk tabel `dt_mastersupplier`
--
ALTER TABLE `dt_mastersupplier`
  ADD PRIMARY KEY (`mastersupplier_id`) USING BTREE;

--
-- Indeks untuk tabel `dt_master_driver`
--
ALTER TABLE `dt_master_driver`
  ADD PRIMARY KEY (`id_driver`);

--
-- Indeks untuk tabel `dt_master_kendaraan`
--
ALTER TABLE `dt_master_kendaraan`
  ADD PRIMARY KEY (`id_kendaraan`);

--
-- Indeks untuk tabel `dt_pengaturan`
--
ALTER TABLE `dt_pengaturan`
  ADD PRIMARY KEY (`pengaturan_id`) USING BTREE;

--
-- Indeks untuk tabel `dt_penyusutan`
--
ALTER TABLE `dt_penyusutan`
  ADD PRIMARY KEY (`penyusutan_id`) USING BTREE;

--
-- Indeks untuk tabel `dt_posting_bulanan`
--
ALTER TABLE `dt_posting_bulanan`
  ADD PRIMARY KEY (`postingbulanan_id`) USING BTREE;

--
-- Indeks untuk tabel `dt_saldo_awal`
--
ALTER TABLE `dt_saldo_awal`
  ADD PRIMARY KEY (`saldoawal_id`) USING BTREE;

--
-- Indeks untuk tabel `dt_selisih_kurs`
--
ALTER TABLE `dt_selisih_kurs`
  ADD PRIMARY KEY (`selisihkurs_id`) USING BTREE;

--
-- Indeks untuk tabel `dt_suratjalan_customer`
--
ALTER TABLE `dt_suratjalan_customer`
  ADD PRIMARY KEY (`suratjalan_customer_id`);

--
-- Indeks untuk tabel `dt_tagihan_customer`
--
ALTER TABLE `dt_tagihan_customer`
  ADD PRIMARY KEY (`tagihan_customer_id`);

--
-- Indeks untuk tabel `dt_user`
--
ALTER TABLE `dt_user`
  ADD PRIMARY KEY (`id`) USING BTREE;

--
-- AUTO_INCREMENT untuk tabel yang dibuang
--

--
-- AUTO_INCREMENT untuk tabel `dt_daftar_aktiva`
--
ALTER TABLE `dt_daftar_aktiva`
  MODIFY `daftaraktiva_id` int(11) NOT NULL AUTO_INCREMENT, AUTO_INCREMENT=2;

--
-- AUTO_INCREMENT untuk tabel `dt_datakwitansi`
--
ALTER TABLE `dt_datakwitansi`
  MODIFY `datakwitansi_id` int(11) NOT NULL AUTO_INCREMENT, AUTO_INCREMENT=19;

--
-- AUTO_INCREMENT untuk tabel `dt_jurnal_balik`
--
ALTER TABLE `dt_jurnal_balik`
  MODIFY `jurnalbalik_id` int(11) NOT NULL AUTO_INCREMENT, AUTO_INCREMENT=5;

--
-- AUTO_INCREMENT untuk tabel `dt_jurnal_keluar`
--
ALTER TABLE `dt_jurnal_keluar`
  MODIFY `jurnalkeluar_id` int(11) NOT NULL AUTO_INCREMENT;

--
-- AUTO_INCREMENT untuk tabel `dt_jurnal_masuk`
--
ALTER TABLE `dt_jurnal_masuk`
  MODIFY `jurnalmasuk_id` int(11) NOT NULL AUTO_INCREMENT, AUTO_INCREMENT=52;

--
-- AUTO_INCREMENT untuk tabel `dt_mastercoa`
--
ALTER TABLE `dt_mastercoa`
  MODIFY `mastercoa_id` int(11) NOT NULL AUTO_INCREMENT, AUTO_INCREMENT=141;

--
-- AUTO_INCREMENT untuk tabel `dt_mastercustomer`
--
ALTER TABLE `dt_mastercustomer`
  MODIFY `mastercustomer_id` int(11) NOT NULL AUTO_INCREMENT, AUTO_INCREMENT=5;

--
-- AUTO_INCREMENT untuk tabel `dt_masterrekening`
--
ALTER TABLE `dt_masterrekening`
  MODIFY `masterrekening_id` int(11) NOT NULL AUTO_INCREMENT, AUTO_INCREMENT=3;

--
-- AUTO_INCREMENT untuk tabel `dt_mastersupplier`
--
ALTER TABLE `dt_mastersupplier`
  MODIFY `mastersupplier_id` int(11) NOT NULL AUTO_INCREMENT, AUTO_INCREMENT=3;

--
-- AUTO_INCREMENT untuk tabel `dt_master_driver`
--
ALTER TABLE `dt_master_driver`
  MODIFY `id_driver` int(255) NOT NULL AUTO_INCREMENT, AUTO_INCREMENT=3;

--
-- AUTO_INCREMENT untuk tabel `dt_master_kendaraan`
--
ALTER TABLE `dt_master_kendaraan`
  MODIFY `id_kendaraan` int(255) NOT NULL AUTO_INCREMENT, AUTO_INCREMENT=3;

--
-- AUTO_INCREMENT untuk tabel `dt_pengaturan`
--
ALTER TABLE `dt_pengaturan`
  MODIFY `pengaturan_id` int(11) NOT NULL AUTO_INCREMENT, AUTO_INCREMENT=2;

--
-- AUTO_INCREMENT untuk tabel `dt_penyusutan`
--
ALTER TABLE `dt_penyusutan`
  MODIFY `penyusutan_id` int(11) NOT NULL AUTO_INCREMENT, AUTO_INCREMENT=97;

--
-- AUTO_INCREMENT untuk tabel `dt_posting_bulanan`
--
ALTER TABLE `dt_posting_bulanan`
  MODIFY `postingbulanan_id` int(11) NOT NULL AUTO_INCREMENT, AUTO_INCREMENT=321;

--
-- AUTO_INCREMENT untuk tabel `dt_saldo_awal`
--
ALTER TABLE `dt_saldo_awal`
  MODIFY `saldoawal_id` int(11) NOT NULL AUTO_INCREMENT, AUTO_INCREMENT=453;

--
-- AUTO_INCREMENT untuk tabel `dt_selisih_kurs`
--
ALTER TABLE `dt_selisih_kurs`
  MODIFY `selisihkurs_id` int(11) NOT NULL AUTO_INCREMENT, AUTO_INCREMENT=4;

--
-- AUTO_INCREMENT untuk tabel `dt_suratjalan_customer`
--
ALTER TABLE `dt_suratjalan_customer`
  MODIFY `suratjalan_customer_id` int(11) NOT NULL AUTO_INCREMENT, AUTO_INCREMENT=14;

--
-- AUTO_INCREMENT untuk tabel `dt_tagihan_customer`
--
ALTER TABLE `dt_tagihan_customer`
  MODIFY `tagihan_customer_id` int(11) NOT NULL AUTO_INCREMENT, AUTO_INCREMENT=12;

--
-- AUTO_INCREMENT untuk tabel `dt_user`
--
ALTER TABLE `dt_user`
  MODIFY `id` int(11) NOT NULL AUTO_INCREMENT, AUTO_INCREMENT=5;
COMMIT;

/*!40101 SET CHARACTER_SET_CLIENT=@OLD_CHARACTER_SET_CLIENT */;
/*!40101 SET CHARACTER_SET_RESULTS=@OLD_CHARACTER_SET_RESULTS */;
/*!40101 SET COLLATION_CONNECTION=@OLD_COLLATION_CONNECTION */;
