-- phpMyAdmin SQL Dump
-- version 4.6.0
-- http://www.phpmyadmin.net
--
-- Host: localhost
-- Generation Time: Nov 18, 2023 at 02:39 AM
-- Server version: 5.7.33
-- PHP Version: 5.6.9

SET SQL_MODE = "NO_AUTO_VALUE_ON_ZERO";
SET time_zone = "+00:00";


/*!40101 SET @OLD_CHARACTER_SET_CLIENT=@@CHARACTER_SET_CLIENT */;
/*!40101 SET @OLD_CHARACTER_SET_RESULTS=@@CHARACTER_SET_RESULTS */;
/*!40101 SET @OLD_COLLATION_CONNECTION=@@COLLATION_CONNECTION */;
/*!40101 SET NAMES utf8mb4 */;

--
-- Database: `mutiara3_akuntansi`
--

-- --------------------------------------------------------

--
-- Table structure for table `ci_sessions`
--

CREATE TABLE `ci_sessions` (
  `id` varchar(40) NOT NULL,
  `ip_address` varchar(45) NOT NULL,
  `timestamp` int(10) UNSIGNED NOT NULL DEFAULT '0',
  `data` blob NOT NULL
) ENGINE=InnoDB DEFAULT CHARSET=utf8 ROW_FORMAT=COMPACT;

--
-- Dumping data for table `ci_sessions`
--

INSERT INTO `ci_sessions` (`id`, `ip_address`, `timestamp`, `data`) VALUES
('04ps9ttu95vi2qpi0k7ih09kh0dsin82', '::1', 1691214411, 0x5f5f63695f6c6173745f726567656e65726174657c693a313639313231343338373b6e616d617c733a373a22616b756e74616e223b7374617475737c733a353a226c6f67696e223b726f6c657c733a373a22616b756e74616e223b),
('0ehgmckfd49fedol4v3n0o94k3olusas', '::1', 1691671764, 0x5f5f63695f6c6173745f726567656e65726174657c693a313639313637313531393b6e616d617c733a353a2261646d696e223b7374617475737c733a353a226c6f67696e223b726f6c657c733a353a2261646d696e223b),
('0j22ifp6iupj6el0l4k930f01nq94irg', '::1', 1691632122, 0x5f5f63695f6c6173745f726567656e65726174657c693a313639313633313931393b6e616d617c733a373a22616b756e74616e223b7374617475737c733a353a226c6f67696e223b726f6c657c733a373a22616b756e74616e223b),
('0qq86q25nq203fmus4lvcujf3fmqd7di', '::1', 1700271689, 0x5f5f63695f6c6173745f726567656e65726174657c693a313730303237313431393b6e616d617c733a373a22616b756e74616e223b7374617475737c733a353a226c6f67696e223b726f6c657c733a373a22616b756e74616e223b),
('111s9jnlo3smlab47g73uenh3duna8id', '::1', 1691630621, 0x5f5f63695f6c6173745f726567656e65726174657c693a313639313633303539393b6e616d617c733a373a22616b756e74616e223b7374617475737c733a353a226c6f67696e223b726f6c657c733a373a22616b756e74616e223b),
('145q11e0vb165jkus4a2p94rsnnmvfcm', '::1', 1691245560, 0x5f5f63695f6c6173745f726567656e65726174657c693a313639313234353534353b6e616d617c733a353a2261646d696e223b7374617475737c733a353a226c6f67696e223b726f6c657c733a353a2261646d696e223b),
('1cibd7rhcocdm2d2btnmdbabc76vo339', '::1', 1689411838, 0x5f5f63695f6c6173745f726567656e65726174657c693a313638393431313536373b),
('1d3705j1a53uuvges9bbg7abdcljbev9', '::1', 1691215744, 0x5f5f63695f6c6173745f726567656e65726174657c693a313639313231353537303b6e616d617c733a353a2261646d696e223b7374617475737c733a353a226c6f67696e223b726f6c657c733a353a2261646d696e223b),
('1j4b49fkgsm1k2f2n0khk90k3nebejle', '::1', 1691671894, 0x5f5f63695f6c6173745f726567656e65726174657c693a313639313637313839333b6e616d617c733a353a2261646d696e223b7374617475737c733a353a226c6f67696e223b726f6c657c733a353a2261646d696e223b),
('1ote6u21b3p2ihd0ga4q6uqtmlqjafu8', '::1', 1689409502, 0x5f5f63695f6c6173745f726567656e65726174657c693a313638393430393237323b),
('1tfttlnldapfiqonr91ep7ft55sol0e2', '::1', 1691211938, 0x5f5f63695f6c6173745f726567656e65726174657c693a313639313231313633383b6e616d617c733a373a22616b756e74616e223b7374617475737c733a353a226c6f67696e223b726f6c657c733a373a22616b756e74616e223b),
('1u056q96b2798jkc5i190sp2n2mg4894', '::1', 1699538663, 0x5f5f63695f6c6173745f726567656e65726174657c693a313639393533383633363b6e616d617c733a353a2261646d696e223b7374617475737c733a353a226c6f67696e223b726f6c657c733a353a2261646d696e223b),
('2a53dvuvk1lnemtsaesr0fkrv3gvtjbf', '::1', 1699534864, 0x5f5f63695f6c6173745f726567656e65726174657c693a313639393533343834313b6e616d617c733a373a22616b756e74616e223b7374617475737c733a353a226c6f67696e223b726f6c657c733a373a22616b756e74616e223b),
('35i63bq0bljvc7t5oelcmech30j6rvoj', '::1', 1700270708, 0x5f5f63695f6c6173745f726567656e65726174657c693a313730303237303631343b6e616d617c733a373a22616b756e74616e223b7374617475737c733a353a226c6f67696e223b726f6c657c733a373a22616b756e74616e223b),
('3cr49fkj6kdak0t5dl1brdr1edpdcmji', '::1', 1691756814, 0x5f5f63695f6c6173745f726567656e65726174657c693a313639313735363831303b),
('3ga1jbgktqk4c0i3frkddpcrbhhceqc6', '::1', 1691631311, 0x5f5f63695f6c6173745f726567656e65726174657c693a313639313633313133343b6e616d617c733a373a22616b756e74616e223b7374617475737c733a353a226c6f67696e223b726f6c657c733a373a22616b756e74616e223b),
('3k9cnb678535uv76n8gnhat10gq478l3', '::1', 1699667085, 0x5f5f63695f6c6173745f726567656e65726174657c693a313639393636363739383b),
('3opkgpr2u101gau46ck7m8o8c47385k8', '::1', 1691644684, 0x5f5f63695f6c6173745f726567656e65726174657c693a313639313634343638323b6e616d617c733a373a22616b756e74616e223b7374617475737c733a353a226c6f67696e223b726f6c657c733a373a22616b756e74616e223b),
('3sp3t3rpvfbn4i8l76fae07783kl8fau', '::1', 1691663786, 0x5f5f63695f6c6173745f726567656e65726174657c693a313639313636333639343b),
('4lj8la45es3gtjus4q4do0q4ch70upgi', '::1', 1691654910, 0x5f5f63695f6c6173745f726567656e65726174657c693a313639313635343730313b6e616d617c733a373a22616b756e74616e223b7374617475737c733a353a226c6f67696e223b726f6c657c733a373a22616b756e74616e223b),
('4t4qb0m80hj9t0kdour28cobrtamchp4', '::1', 1691216351, 0x5f5f63695f6c6173745f726567656e65726174657c693a313639313231363138343b6e616d617c733a353a2261646d696e223b7374617475737c733a353a226c6f67696e223b726f6c657c733a353a2261646d696e223b),
('57v1mraolv0a2m63umf87vfunh765461', '::1', 1691665985, 0x5f5f63695f6c6173745f726567656e65726174657c693a313639313636353638353b),
('58bbg5d32rdn1umqip863jqs5j9kn4qj', '::1', 1699536100, 0x5f5f63695f6c6173745f726567656e65726174657c693a313639393533353835323b6e616d617c733a373a22616b756e74616e223b7374617475737c733a353a226c6f67696e223b726f6c657c733a373a22616b756e74616e223b),
('5abafebgp2lq1k5cm8c779mvrjjhd1nb', '::1', 1690185839, 0x5f5f63695f6c6173745f726567656e65726174657c693a313639303138353534323b6e616d617c733a373a22616b756e74616e223b7374617475737c733a353a226c6f67696e223b726f6c657c733a373a22616b756e74616e223b),
('5nk2nqb1h1eivtg0etljsjajdh7mkfus', '::1', 1690188518, 0x5f5f63695f6c6173745f726567656e65726174657c693a313639303138383234313b6e616d617c733a373a22616b756e74616e223b7374617475737c733a353a226c6f67696e223b726f6c657c733a373a22616b756e74616e223b),
('5uj108h1ecl2stobsue0btvof6khph8n', '::1', 1691668809, 0x5f5f63695f6c6173745f726567656e65726174657c693a313639313636383635353b),
('69r2fe9f5nap6sqe4r344t41fu94f76a', '::1', 1691214994, 0x5f5f63695f6c6173745f726567656e65726174657c693a313639313231343832343b6e616d617c733a353a2261646d696e223b7374617475737c733a353a226c6f67696e223b726f6c657c733a353a2261646d696e223b),
('6d4m9jqtt8eti6v3ggtcltcf3ivaimoa', '::1', 1691245895, 0x5f5f63695f6c6173745f726567656e65726174657c693a313639313234353839353b6e616d617c733a373a22616b756e74616e223b7374617475737c733a353a226c6f67696e223b726f6c657c733a373a22616b756e74616e223b),
('6j1ibksoiup32u23vg56par3kjpvivkk', '::1', 1691755392, 0x5f5f63695f6c6173745f726567656e65726174657c693a313639313735353132393b),
('6v9lhuic0p1biuqijimfqecaqcc73gvd', '::1', 1700272947, 0x5f5f63695f6c6173745f726567656e65726174657c693a313730303237323638383b6e616d617c733a373a22616b756e74616e223b7374617475737c733a353a226c6f67696e223b726f6c657c733a373a22616b756e74616e223b),
('710cm450afrrrp5s0pumvfhueem2o49b', '::1', 1700272663, 0x5f5f63695f6c6173745f726567656e65726174657c693a313730303237323337363b6e616d617c733a373a22616b756e74616e223b7374617475737c733a353a226c6f67696e223b726f6c657c733a373a22616b756e74616e223b),
('7bk1cmc8vh2chaktkn4ui6v58r93o2gk', '::1', 1691633679, 0x5f5f63695f6c6173745f726567656e65726174657c693a313639313633333537393b6e616d617c733a373a22616b756e74616e223b7374617475737c733a353a226c6f67696e223b726f6c657c733a373a22616b756e74616e223b),
('8g88q60fvkp762egfnm5aicj9ui1djmi', '::1', 1690183737, 0x5f5f63695f6c6173745f726567656e65726174657c693a313639303138333436363b6e616d617c733a373a22616b756e74616e223b7374617475737c733a353a226c6f67696e223b726f6c657c733a373a22616b756e74616e223b),
('8v0frjtodj8nmp369353db3i95hr1j88', '::1', 1700271868, 0x5f5f63695f6c6173745f726567656e65726174657c693a313730303237313830303b6e616d617c733a373a22616b756e74616e223b7374617475737c733a353a226c6f67696e223b726f6c657c733a373a22616b756e74616e223b),
('8v9i6181f3fn7i13slabsk615ff5g8gf', '::1', 1690203942, 0x5f5f63695f6c6173745f726567656e65726174657c693a313639303230333933323b6e616d617c733a373a22616b756e74616e223b7374617475737c733a353a226c6f67696e223b726f6c657c733a373a22616b756e74616e223b),
('9b87glslutieokoaoec5lgf3ok0psop9', '::1', 1689412187, 0x5f5f63695f6c6173745f726567656e65726174657c693a313638393431313935303b),
('9qc1jn7iacrai4d48ej6pllu6g3avf6e', '::1', 1691643790, 0x5f5f63695f6c6173745f726567656e65726174657c693a313639313634333630363b6e616d617c733a373a22616b756e74616e223b7374617475737c733a353a226c6f67696e223b726f6c657c733a373a22616b756e74616e223b737563636573737c733a33383a22434f41203c7374726f6e673e426572686173696c3c2f7374726f6e673e204469686170757321223b5f5f63695f766172737c613a313a7b733a373a2273756363657373223b733a333a226f6c64223b7d),
('a75pq6u3mmj4rp9ns13mavloq8e6cd5a', '::1', 1691668276, 0x5f5f63695f6c6173745f726567656e65726174657c693a313639313636373937373b737563636573737c733a34363a224a75726e616c203c7374726f6e673e4d6173756b3c2f7374726f6e673e20426572686173696c2044696275617421223b5f5f63695f766172737c613a313a7b733a373a2273756363657373223b733a333a226e6577223b7d),
('abpqtvqhuk7pq9ffnpk5qetus46ei3ka', '::1', 1699664131, 0x5f5f63695f6c6173745f726567656e65726174657c693a313639393636333834373b),
('ajgr0j7cn2u2ng0tfao55eeika4v2k0k', '::1', 1691213321, 0x5f5f63695f6c6173745f726567656e65726174657c693a313639313231333332313b6e616d617c733a373a22616b756e74616e223b7374617475737c733a353a226c6f67696e223b726f6c657c733a373a22616b756e74616e223b),
('alp3ubfln1fit9l2q24ktjheaoltf3l8', '::1', 1699537500, 0x5f5f63695f6c6173745f726567656e65726174657c693a313639393533373437333b6e616d617c733a353a2261646d696e223b7374617475737c733a353a226c6f67696e223b726f6c657c733a353a2261646d696e223b),
('b14p9s2h8buhs8s9ttoigm9ba61j1lar', '::1', 1691654693, 0x5f5f63695f6c6173745f726567656e65726174657c693a313639313635343339353b6e616d617c733a373a22616b756e74616e223b7374617475737c733a353a226c6f67696e223b726f6c657c733a373a22616b756e74616e223b),
('b2g1dhfsidpq7po73g8hhbu67cfkuqnu', '::1', 1699666133, 0x5f5f63695f6c6173745f726567656e65726174657c693a313639393636353834363b),
('blptdfblih9d8n3ilqcsn09cooei28g3', '::1', 1691669144, 0x5f5f63695f6c6173745f726567656e65726174657c693a313639313636393134333b6e616d617c733a353a2261646d696e223b7374617475737c733a353a226c6f67696e223b726f6c657c733a353a2261646d696e223b),
('bmeb97e4g7qm6jqvpotf0mgj8j7sdhi4', '::1', 1691664745, 0x5f5f63695f6c6173745f726567656e65726174657c693a313639313636343435383b),
('bnilt18th2n51s1oqg1sk6vrf8udjnmh', '::1', 1691653877, 0x5f5f63695f6c6173745f726567656e65726174657c693a313639313635333539303b6e616d617c733a373a22616b756e74616e223b7374617475737c733a353a226c6f67696e223b726f6c657c733a373a22616b756e74616e223b),
('c2ovq24dvhgdi4a24uj0kc0ehbcsjjmv', '::1', 1691671461, 0x5f5f63695f6c6173745f726567656e65726174657c693a313639313637313436313b),
('c36cgrl94nokhm3qqoalmce2e1t8plec', '::1', 1699628254, 0x5f5f63695f6c6173745f726567656e65726174657c693a313639393632383235333b),
('c4meqsb968djtrq5tt1224a2advg9acr', '::1', 1690186091, 0x5f5f63695f6c6173745f726567656e65726174657c693a313639303138353834373b6e616d617c733a373a22616b756e74616e223b7374617475737c733a353a226c6f67696e223b726f6c657c733a373a22616b756e74616e223b),
('c74s7l5chn1sk3idea4nj0bd81m3e00o', '::1', 1699667176, 0x5f5f63695f6c6173745f726567656e65726174657c693a313639393636373130303b),
('cpo08eujn9sfuj9mku99mi35jteqlu2j', '::1', 1690182148, 0x5f5f63695f6c6173745f726567656e65726174657c693a313639303138323133343b6e616d617c733a373a22616b756e74616e223b7374617475737c733a353a226c6f67696e223b726f6c657c733a373a22616b756e74616e223b),
('d13opoai3ak2affv4ctkgbsngsquj6ib', '::1', 1691654323, 0x5f5f63695f6c6173745f726567656e65726174657c693a313639313635343035353b6e616d617c733a373a22616b756e74616e223b7374617475737c733a353a226c6f67696e223b726f6c657c733a373a22616b756e74616e223b),
('d9fgdnne18thdv6i9484psqoekq0k916', '::1', 1691666958, 0x5f5f63695f6c6173745f726567656e65726174657c693a313639313636363732333b),
('dbd7kb0n2ok7lp9c3i8gj7aml5q50bpc', '::1', 1690186042, 0x5f5f63695f6c6173745f726567656e65726174657c693a313639303138363034313b6e616d617c733a353a2261646d696e223b7374617475737c733a353a226c6f67696e223b726f6c657c733a353a2261646d696e223b),
('dieomm31a1ojf38pqcsuqsihd4cjf81v', '::1', 1700271371, 0x5f5f63695f6c6173745f726567656e65726174657c693a313730303237313039393b6e616d617c733a373a22616b756e74616e223b7374617475737c733a353a226c6f67696e223b726f6c657c733a373a22616b756e74616e223b),
('diev88v124t4jonrfjd5omnq9momhoci', '::1', 1700265148, 0x5f5f63695f6c6173745f726567656e65726174657c693a313730303236353134363b6e616d617c733a373a22616b756e74616e223b7374617475737c733a353a226c6f67696e223b726f6c657c733a373a22616b756e74616e223b),
('dk249su0lnlrlldo5ptko4a4dhh4v01r', '::1', 1691756053, 0x5f5f63695f6c6173745f726567656e65726174657c693a313639313735353736373b),
('e1hke63m6d1l33lg7n3mfkvsfet6a9cu', '::1', 1691665260, 0x5f5f63695f6c6173745f726567656e65726174657c693a313639313636353037333b),
('eouhuegvv6hvnr6ntivgbieuhbcaq2ub', '::1', 1691671464, 0x5f5f63695f6c6173745f726567656e65726174657c693a313639313637313231353b6e616d617c733a353a2261646d696e223b7374617475737c733a353a226c6f67696e223b726f6c657c733a353a2261646d696e223b),
('fh84uqh2p9uud3itdgtcra3b60njcg2i', '::1', 1700266062, 0x5f5f63695f6c6173745f726567656e65726174657c693a313730303236353831323b6e616d617c733a373a22616b756e74616e223b7374617475737c733a353a226c6f67696e223b726f6c657c733a373a22616b756e74616e223b),
('ga18rvn8dgah7hdij3hr9n283876dp2j', '::1', 1691671058, 0x5f5f63695f6c6173745f726567656e65726174657c693a313639313637303931313b6e616d617c733a353a2261646d696e223b7374617475737c733a353a226c6f67696e223b726f6c657c733a353a2261646d696e223b),
('gkfcpvmk1djd6tl9pl5h8ra7ovoj53e8', '::1', 1690186459, 0x5f5f63695f6c6173745f726567656e65726174657c693a313639303138363138353b6e616d617c733a373a22616b756e74616e223b7374617475737c733a353a226c6f67696e223b726f6c657c733a373a22616b756e74616e223b),
('h5tlfjq4969e5jsi88ccbirbm2q0gree', '::1', 1691642388, 0x5f5f63695f6c6173745f726567656e65726174657c693a313639313634323232393b6e616d617c733a373a22616b756e74616e223b7374617475737c733a353a226c6f67696e223b726f6c657c733a373a22616b756e74616e223b),
('hdeotgj29ndg5fjpro777sqn0gqg2ql4', '::1', 1690205962, 0x5f5f63695f6c6173745f726567656e65726174657c693a313639303230353935383b6e616d617c733a373a22616b756e74616e223b7374617475737c733a353a226c6f67696e223b726f6c657c733a373a22616b756e74616e223b),
('hrbrkaop4qtedcf1e4gtdn18jl0fk2jb', '::1', 1689412797, 0x5f5f63695f6c6173745f726567656e65726174657c693a313638393431323634343b),
('hs8i15h7qkpffg0hptcnjql5r00vosno', '::1', 1699663136, 0x5f5f63695f6c6173745f726567656e65726174657c693a313639393636323837333b),
('i3vcgt0e4ih7t9ls1g6p0ilpmhghvkke', '::1', 1699535812, 0x5f5f63695f6c6173745f726567656e65726174657c693a313639393533353532353b6e616d617c733a373a22616b756e74616e223b7374617475737c733a353a226c6f67696e223b726f6c657c733a373a22616b756e74616e223b),
('if8ggj17ghbd1nuhnurs69hlu7dslvq7', '::1', 1691246514, 0x5f5f63695f6c6173745f726567656e65726174657c693a313639313234363233333b6e616d617c733a373a22616b756e74616e223b7374617475737c733a353a226c6f67696e223b726f6c657c733a373a22616b756e74616e223b),
('igul7hfh26ig70legqt9u0hpagk7vctl', '::1', 1700265238, 0x5f5f63695f6c6173745f726567656e65726174657c693a313730303236353134383b6e616d617c733a373a22616b756e74616e223b7374617475737c733a353a226c6f67696e223b726f6c657c733a373a22616b756e74616e223b),
('iujbov3567ckkut12cothjunh4q1ivoq', '::1', 1691630302, 0x5f5f63695f6c6173745f726567656e65726174657c693a313639313633303132383b6e616d617c733a373a22616b756e74616e223b7374617475737c733a353a226c6f67696e223b726f6c657c733a373a22616b756e74616e223b737563636573737c733a33383a22434f41203c7374726f6e673e426572686173696c3c2f7374726f6e673e204469686170757321223b5f5f63695f766172737c613a313a7b733a373a2273756363657373223b733a333a226f6c64223b7d),
('j273ji1at29g3gdv4e14hvbkjlav7706', '::1', 1691241662, 0x5f5f63695f6c6173745f726567656e65726174657c693a313639313234313636323b),
('j5ro4v5kvus8s01r8657m274ombp3njl', '::1', 1691756139, 0x5f5f63695f6c6173745f726567656e65726174657c693a313639313735363033333b),
('jjdleon9hm41calmnhgirsa2ojc5nv4a', '::1', 1699538018, 0x5f5f63695f6c6173745f726567656e65726174657c693a313639393533373939343b6e616d617c733a373a22616b756e74616e223b7374617475737c733a353a226c6f67696e223b726f6c657c733a373a22616b756e74616e223b),
('jltetq5pc2k5sp2j7ma2a61m2af4f2m4', '::1', 1690191704, 0x5f5f63695f6c6173745f726567656e65726174657c693a313639303139313638313b6e616d617c733a373a22616b756e74616e223b7374617475737c733a353a226c6f67696e223b726f6c657c733a373a22616b756e74616e223b),
('jponipbu8lea17e1a9vf1jc1quf85kj0', '::1', 1691667302, 0x5f5f63695f6c6173745f726567656e65726174657c693a313639313636373236353b737563636573737c733a34363a224a75726e616c203c7374726f6e673e4d6173756b3c2f7374726f6e673e20426572686173696c2044696275617421223b5f5f63695f766172737c613a313a7b733a373a2273756363657373223b733a333a226f6c64223b7d),
('jpt00imaniuqffnbosde5g7nj937oeh4', '::1', 1691755545, 0x5f5f63695f6c6173745f726567656e65726174657c693a313639313735353434313b),
('k0fgm2lumfth34maok8a316unna09ks5', '::1', 1689408666, 0x5f5f63695f6c6173745f726567656e65726174657c693a313638393430383430303b),
('k2al197sv3b1nfad70n1m3jjtldubhhe', '::1', 1700266416, 0x5f5f63695f6c6173745f726567656e65726174657c693a313730303236363131363b6e616d617c733a373a22616b756e74616e223b7374617475737c733a353a226c6f67696e223b726f6c657c733a373a22616b756e74616e223b),
('kb38b84fhbdvrdd7634lgets7bive7fs', '::1', 1689412536, 0x5f5f63695f6c6173745f726567656e65726174657c693a313638393431323332333b),
('kfrc4kmsn5hept493pnj9ffqpae8dods', '::1', 1691755051, 0x5f5f63695f6c6173745f726567656e65726174657c693a313639313735343735343b),
('kqoivk9ifbpvt16pi6sag66pasai0h2b', '::1', 1690186535, 0x5f5f63695f6c6173745f726567656e65726174657c693a313639303138363531323b6e616d617c733a373a22616b756e74616e223b7374617475737c733a353a226c6f67696e223b726f6c657c733a373a22616b756e74616e223b),
('l0s7q2co7knb3nau8cfr3mihieb83m8h', '::1', 1700266530, 0x5f5f63695f6c6173745f726567656e65726174657c693a313730303236363433353b6e616d617c733a373a22616b756e74616e223b7374617475737c733a353a226c6f67696e223b726f6c657c733a373a22616b756e74616e223b),
('l30h75flntbgvjss018i0gtl2dmtpnt5', '::1', 1691669126, 0x5f5f63695f6c6173745f726567656e65726174657c693a313639313636383936323b),
('l4rg5s6rqrfnt5ftte466ab71ogingba', '::1', 1691244954, 0x5f5f63695f6c6173745f726567656e65726174657c693a313639313234343636353b6e616d617c733a373a22616b756e74616e223b7374617475737c733a353a226c6f67696e223b726f6c657c733a373a22616b756e74616e223b),
('l53893c9blbt1smfj8sph4g3eh3qiell', '::1', 1689410117, 0x5f5f63695f6c6173745f726567656e65726174657c693a313638393431303030303b),
('lo3a9bo5e6dl2sphf4cs87h06s0rhk7g', '::1', 1691216153, 0x5f5f63695f6c6173745f726567656e65726174657c693a313639313231353837373b6e616d617c733a353a2261646d696e223b7374617475737c733a353a226c6f67696e223b726f6c657c733a353a2261646d696e223b),
('m8c6hanouirnldhv9kphc0gsurocc2sj', '::1', 1690184186, 0x5f5f63695f6c6173745f726567656e65726174657c693a313639303138343137343b6e616d617c733a353a2261646d696e223b7374617475737c733a353a226c6f67696e223b726f6c657c733a353a2261646d696e223b),
('mcj0i9he4bodhe19adfu46n3n44081l0', '::1', 1700273989, 0x5f5f63695f6c6173745f726567656e65726174657c693a313730303237333638393b6e616d617c733a373a22616b756e74616e223b7374617475737c733a353a226c6f67696e223b726f6c657c733a373a22616b756e74616e223b),
('mt583g18k4gatlsjb7t6qjscjn0r7r2u', '::1', 1691756451, 0x5f5f63695f6c6173745f726567656e65726174657c693a313639313735363433303b),
('n07ap6vkbt31co2abibh3o1v9p36isfv', '::1', 1691655329, 0x5f5f63695f6c6173745f726567656e65726174657c693a313639313635353033353b6e616d617c733a373a22616b756e74616e223b7374617475737c733a353a226c6f67696e223b726f6c657c733a373a22616b756e74616e223b),
('n6g4nmat1ahfhancvnpfvphv276m2cfp', '::1', 1691666164, 0x5f5f63695f6c6173745f726567656e65726174657c693a313639313636353938373b),
('ncb9tqp2djm6jgr8g8ppelss022h8i3u', '::1', 1690188194, 0x5f5f63695f6c6173745f726567656e65726174657c693a313639303138373932373b6e616d617c733a373a22616b756e74616e223b7374617475737c733a353a226c6f67696e223b726f6c657c733a373a22616b756e74616e223b),
('nd85o09om4q7k1ua3piv0ev3bdqfrd5j', '::1', 1699666748, 0x5f5f63695f6c6173745f726567656e65726174657c693a313639393636363437363b),
('nds1erka3abedpt7l9o1l7h25l6euve9', '::1', 1691217093, 0x5f5f63695f6c6173745f726567656e65726174657c693a313639313231363830313b6e616d617c733a353a2261646d696e223b7374617475737c733a353a226c6f67696e223b726f6c657c733a353a2261646d696e223b),
('nkq352rmlclbhcman5sf55am6tssjrhs', '::1', 1691670194, 0x5f5f63695f6c6173745f726567656e65726174657c693a313639313637303138343b),
('nmjcmudskcumguc7iue4k43oa6qc41o8', '::1', 1691665251, 0x5f5f63695f6c6173745f726567656e65726174657c693a313639313636343935353b6e616d617c733a353a2261646d696e223b7374617475737c733a353a226c6f67696e223b726f6c657c733a353a2261646d696e223b),
('nt1pa45n1vmrpp1auo9megpecsoao7ev', '::1', 1691245362, 0x5f5f63695f6c6173745f726567656e65726174657c693a313639313234353038353b6e616d617c733a373a22616b756e74616e223b7374617475737c733a353a226c6f67696e223b726f6c657c733a373a22616b756e74616e223b),
('ntf57fcrvbp4mghvvuvg8n71d5s5na3o', '::1', 1691666420, 0x5f5f63695f6c6173745f726567656e65726174657c693a313639313636363338353b),
('ntj0q5d83ueqoco8gbpvtqpet970ov5c', '::1', 1691246150, 0x5f5f63695f6c6173745f726567656e65726174657c693a313639313234353836383b6e616d617c733a353a2261646d696e223b7374617475737c733a353a226c6f67696e223b726f6c657c733a353a2261646d696e223b),
('obbsvekumfginib1ev2sr9dnt45bvkan', '::1', 1690183773, 0x5f5f63695f6c6173745f726567656e65726174657c693a313639303138333737333b6e616d617c733a373a22616b756e74616e223b7374617475737c733a353a226c6f67696e223b726f6c657c733a373a22616b756e74616e223b),
('obd1bapb4l70psabrug266nvan7tbd9r', '::1', 1689413358, 0x5f5f63695f6c6173745f726567656e65726174657c693a313638393431333332373b737563636573737c733a34333a2272656b656e696e67203c7374726f6e673e426572686173696c3c2f7374726f6e673e204469686170757321223b5f5f63695f766172737c613a313a7b733a373a2273756363657373223b733a333a226f6c64223b7d),
('ohu06kr5jvii72vht7p4tcin80nrm5qe', '::1', 1691215569, 0x5f5f63695f6c6173745f726567656e65726174657c693a313639313231353236393b6e616d617c733a353a2261646d696e223b7374617475737c733a353a226c6f67696e223b726f6c657c733a353a2261646d696e223b),
('oi94ndctt00gm2bhqp0p7aaok5ogubmh', '::1', 1691214445, 0x5f5f63695f6c6173745f726567656e65726174657c693a313639313231343134373b6e616d617c733a353a2261646d696e223b7374617475737c733a353a226c6f67696e223b726f6c657c733a353a2261646d696e223b),
('oj4ptnlg845jcddi6prhohkcnh2ukrag', '::1', 1700264135, 0x5f5f63695f6c6173745f726567656e65726174657c693a313730303236333938373b6e616d617c733a353a2261646d696e223b7374617475737c733a353a226c6f67696e223b726f6c657c733a353a2261646d696e223b),
('ok48svdso13qsfai942b3lehmimlj5qp', '::1', 1700265207, 0x5f5f63695f6c6173745f726567656e65726174657c693a313730303236343934393b6e616d617c733a353a2261646d696e223b7374617475737c733a353a226c6f67696e223b726f6c657c733a353a2261646d696e223b),
('okgnacvbe5r2r4o0957f1glofriv0dvq', '::1', 1699666447, 0x5f5f63695f6c6173745f726567656e65726174657c693a313639393636363135383b),
('olje1g69q3h3f3r72mcuc9jss7cod2lf', '::1', 1691754941, 0x5f5f63695f6c6173745f726567656e65726174657c693a313639313735343734373b),
('p077j9mjcdap7gqmklq0l46lcr0i3gam', '::1', 1691670782, 0x5f5f63695f6c6173745f726567656e65726174657c693a313639313637303738323b),
('p51bbqi73taan5usn11iuvmu7tr0eupm', '::1', 1691648204, 0x5f5f63695f6c6173745f726567656e65726174657c693a313639313634383135363b6e616d617c733a373a22616b756e74616e223b7374617475737c733a353a226c6f67696e223b726f6c657c733a373a22616b756e74616e223b),
('p54k5u56u7hmv70t2865fs8hts22cbq6', '::1', 1699662488, 0x5f5f63695f6c6173745f726567656e65726174657c693a313639393636323232323b),
('pcgk8vimaug7kqqejnirj470sipukmli', '::1', 1699627816, 0x5f5f63695f6c6173745f726567656e65726174657c693a313639393632373532363b),
('prbpnnooqfiomsv72rnmc5v5ka3kid17', '::1', 1699663745, 0x5f5f63695f6c6173745f726567656e65726174657c693a313639393636333533393b),
('q420060b831l5p15jetvd9q830m53huv', '::1', 1699627812, 0x5f5f63695f6c6173745f726567656e65726174657c693a313639393632373732343b),
('qao8abq7pu9bo9qre4o67ut3e15iisma', '::1', 1691664164, 0x5f5f63695f6c6173745f726567656e65726174657c693a313639313636343030303b),
('qca2o5t5prt0rb2pg90hi9rkvgeie75e', '::1', 1690186980, 0x5f5f63695f6c6173745f726567656e65726174657c693a313639303138363938303b6e616d617c733a373a22616b756e74616e223b7374617475737c733a353a226c6f67696e223b726f6c657c733a373a22616b756e74616e223b),
('qcjb4i4pucvlp58p8nqf8qoled7op0a2', '::1', 1691214521, 0x5f5f63695f6c6173745f726567656e65726174657c693a313639313231343437393b6e616d617c733a353a2261646d696e223b7374617475737c733a353a226c6f67696e223b726f6c657c733a353a2261646d696e223b),
('qk3779cssnompa540i901ljgg7qmcjvl', '::1', 1699662842, 0x5f5f63695f6c6173745f726567656e65726174657c693a313639393636323536363b),
('qkmngub7vjapsgr4cnqg6f7o2v5cu411', '::1', 1690183729, 0x5f5f63695f6c6173745f726567656e65726174657c693a313639303138333437303b6e616d617c733a353a2261646d696e223b7374617475737c733a353a226c6f67696e223b726f6c657c733a353a2261646d696e223b),
('qma2a7o40oq3o0pbioal4g86nbd9etgb', '::1', 1691217125, 0x5f5f63695f6c6173745f726567656e65726174657c693a313639313231373131373b6e616d617c733a353a2261646d696e223b7374617475737c733a353a226c6f67696e223b726f6c657c733a353a2261646d696e223b),
('qt6baqaid9sceu1emvoq5p8e53fi0rmo', '::1', 1690193034, 0x5f5f63695f6c6173745f726567656e65726174657c693a313639303139333030313b6e616d617c733a373a22616b756e74616e223b7374617475737c733a353a226c6f67696e223b726f6c657c733a373a22616b756e74616e223b),
('r6lnc03d5rdujjlsaa6r2emribh64a41', '::1', 1691668653, 0x5f5f63695f6c6173745f726567656e65726174657c693a313639313636383333343b),
('r9fnpt51u96mij89s4aisbui7kas3e2t', '::1', 1689413278, 0x5f5f63695f6c6173745f726567656e65726174657c693a313638393431323939363b),
('reerq37f56a97jell6cs4snkbhanvi7d', '::1', 1690192133, 0x5f5f63695f6c6173745f726567656e65726174657c693a313639303139323038353b6e616d617c733a373a22616b756e74616e223b7374617475737c733a353a226c6f67696e223b726f6c657c733a373a22616b756e74616e223b),
('rhg3j4cnkoc5st90tqg7lal9mq4gcfs1', '::1', 1699628355, 0x5f5f63695f6c6173745f726567656e65726174657c693a313639393632383235333b),
('russ05rc2d26l392ikj6v5j0k6pn5k67', '::1', 1690192734, 0x5f5f63695f6c6173745f726567656e65726174657c693a313639303139323435393b6e616d617c733a373a22616b756e74616e223b7374617475737c733a353a226c6f67696e223b726f6c657c733a373a22616b756e74616e223b),
('s3meie8ut9dhi6trhf29gp2r8hi7gv9e', '::1', 1700270604, 0x5f5f63695f6c6173745f726567656e65726174657c693a313730303237303331303b6e616d617c733a373a22616b756e74616e223b7374617475737c733a353a226c6f67696e223b726f6c657c733a373a22616b756e74616e223b),
('s46eenodk5t3kdr4sc4jm7ueunvc8b8a', '::1', 1691633018, 0x5f5f63695f6c6173745f726567656e65726174657c693a313639313633323737363b6e616d617c733a373a22616b756e74616e223b7374617475737c733a353a226c6f67696e223b726f6c657c733a373a22616b756e74616e223b),
('sant2n39r9rgmv4843l0t8qgm022ommc', '::1', 1689407559, 0x5f5f63695f6c6173745f726567656e65726174657c693a313638393430373535383b),
('sca5nbdt9goomccnscjrr6q1b361inea', '::1', 1691635428, 0x5f5f63695f6c6173745f726567656e65726174657c693a313639313633353432383b6e616d617c733a373a22616b756e74616e223b7374617475737c733a353a226c6f67696e223b726f6c657c733a373a22616b756e74616e223b),
('scrgam7b4vt8pk4mod1dol1et9ajvtjt', '::1', 1691246819, 0x5f5f63695f6c6173745f726567656e65726174657c693a313639313234363639353b6e616d617c733a373a22616b756e74616e223b7374617475737c733a353a226c6f67696e223b726f6c657c733a373a22616b756e74616e223b),
('sq8c8js2ctfuc3qmj3hl7qtiar0j2027', '::1', 1691655384, 0x5f5f63695f6c6173745f726567656e65726174657c693a313639313635353334363b6e616d617c733a373a22616b756e74616e223b7374617475737c733a353a226c6f67696e223b726f6c657c733a373a22616b756e74616e223b),
('sqncdqfr8htrdbjvlmg9d333jqcn6eei', '::1', 1700274342, 0x5f5f63695f6c6173745f726567656e65726174657c693a313730303237343137343b6e616d617c733a373a22616b756e74616e223b7374617475737c733a353a226c6f67696e223b726f6c657c733a373a22616b756e74616e223b),
('t2rhq30a4vj73r4ffsca2nde85ondbjv', '::1', 1691632305, 0x5f5f63695f6c6173745f726567656e65726174657c693a313639313633323330353b6e616d617c733a373a22616b756e74616e223b7374617475737c733a353a226c6f67696e223b726f6c657c733a373a22616b756e74616e223b),
('t8qkjuan12jqqi8o6k6qe9qvj0vrjlfv', '::1', 1691212121, 0x5f5f63695f6c6173745f726567656e65726174657c693a313639313231323131343b6e616d617c733a353a2261646d696e223b7374617475737c733a353a226c6f67696e223b726f6c657c733a353a2261646d696e223b),
('t9gvnr8plqdnb6vtm94ci5d64pf1srko', '::1', 1700273238, 0x5f5f63695f6c6173745f726567656e65726174657c693a313730303237333035383b6e616d617c733a373a22616b756e74616e223b7374617475737c733a353a226c6f67696e223b726f6c657c733a373a22616b756e74616e223b),
('td1l456qeu4odv73a6fjo22t1shcigbh', '::1', 1690184906, 0x5f5f63695f6c6173745f726567656e65726174657c693a313639303138343635343b6e616d617c733a373a22616b756e74616e223b7374617475737c733a353a226c6f67696e223b726f6c657c733a373a22616b756e74616e223b),
('tfs0up1i552434fbavhjj92j05rpfa0o', '::1', 1699537699, 0x5f5f63695f6c6173745f726567656e65726174657c693a313639393533373430333b6e616d617c733a373a22616b756e74616e223b7374617475737c733a353a226c6f67696e223b726f6c657c733a373a22616b756e74616e223b),
('tja9a53p08nb45p0cljvhj6ee0k317f1', '::1', 1691667811, 0x5f5f63695f6c6173745f726567656e65726174657c693a313639313636373539393b737563636573737c733a34313a224a75726e616c203c7374726f6e673e426572686173696c3c2f7374726f6e673e204469686170757321223b5f5f63695f766172737c613a313a7b733a373a2273756363657373223b733a333a226f6c64223b7d),
('tnqehlhbh47ssrgodutcae8sppq40ji5', '::1', 1691643416, 0x5f5f63695f6c6173745f726567656e65726174657c693a313639313634333330343b6e616d617c733a373a22616b756e74616e223b7374617475737c733a353a226c6f67696e223b726f6c657c733a373a22616b756e74616e223b),
('u3i0ir48dut7udsiiltm5mqu232ccqqj', '::1', 1691756333, 0x5f5f63695f6c6173745f726567656e65726174657c693a313639313735363038383b),
('ue3guotg9lc3phh9eht06mr6121u1iad', '::1', 1699664295, 0x5f5f63695f6c6173745f726567656e65726174657c693a313639393636343135313b),
('ufioeguakbi708m25robocru1qct059t', '::1', 1691642983, 0x5f5f63695f6c6173745f726567656e65726174657c693a313639313634323733313b6e616d617c733a373a22616b756e74616e223b7374617475737c733a353a226c6f67696e223b726f6c657c733a373a22616b756e74616e223b),
('ufmjcl42ob2ho3afej3e5rl47u5o6hh8', '::1', 1699663480, 0x5f5f63695f6c6173745f726567656e65726174657c693a313639393636333232313b),
('um0sr1pcud181ipk3f550eg7tp81sgsq', '::1', 1690205270, 0x5f5f63695f6c6173745f726567656e65726174657c693a313639303230353133383b6e616d617c733a373a22616b756e74616e223b7374617475737c733a353a226c6f67696e223b726f6c657c733a373a22616b756e74616e223b),
('unrmml7d4ecluisqd3b6gbvdejbqhqq5', '::1', 1691670908, 0x5f5f63695f6c6173745f726567656e65726174657c693a313639313637303631303b6e616d617c733a353a2261646d696e223b7374617475737c733a353a226c6f67696e223b726f6c657c733a353a2261646d696e223b),
('ur8eipa4vmauiinrrp9gpkhjf68dc5u0', '::1', 1699665830, 0x5f5f63695f6c6173745f726567656e65726174657c693a313639393636353534323b),
('v1smi1nv1jp9pqvmfqeic7cj1iq4313b', '::1', 1700264103, 0x5f5f63695f6c6173745f726567656e65726174657c693a313730303236333934383b6e616d617c733a373a22616b756e74616e223b7374617475737c733a353a226c6f67696e223b726f6c657c733a373a22616b756e74616e223b),
('v5irv9daut0t4htc8qt5c1sl600agm6k', '127.0.0.1', 1691211316, 0x5f5f63695f6c6173745f726567656e65726174657c693a313639313231313234323b6e616d617c733a373a22616b756e74616e223b7374617475737c733a353a226c6f67696e223b726f6c657c733a373a22616b756e74616e223b),
('v84ungirff79puj822if9no15n2sgenp', '::1', 1699628826, 0x5f5f63695f6c6173745f726567656e65726174657c693a313639393632383537333b),
('vefcsse3luhb6f1939l7uv36m8121d8h', '::1', 1689477887, 0x5f5f63695f6c6173745f726567656e65726174657c693a313638393437373836343b6e616d617c733a373a22616b756e74616e223b7374617475737c733a353a226c6f67696e223b726f6c657c733a373a22616b756e74616e223b),
('vh08fiikkfqm7t7stlsqfn0osvouc6jf', '::1', 1691245502, 0x5f5f63695f6c6173745f726567656e65726174657c693a313639313234353339383b6e616d617c733a373a22616b756e74616e223b7374617475737c733a353a226c6f67696e223b726f6c657c733a373a22616b756e74616e223b),
('vubejqlkc7m0ej4jaomdfqa3r6u8a6up', '::1', 1699539089, 0x5f5f63695f6c6173745f726567656e65726174657c693a313639393533393037393b6e616d617c733a373a22616b756e74616e223b7374617475737c733a353a226c6f67696e223b726f6c657c733a373a22616b756e74616e223b);

-- --------------------------------------------------------

--
-- Table structure for table `dt_daftar_aktiva`
--

CREATE TABLE `dt_daftar_aktiva` (
  `daftaraktiva_id` int(11) NOT NULL,
  `no_jurnal` varchar(255) DEFAULT NULL,
  `tanggal` date DEFAULT NULL,
  `keterangan` varchar(255) DEFAULT NULL,
  `tot_debit` decimal(15,2) NOT NULL,
  `tot_kredit` decimal(15,2) NOT NULL
) ENGINE=InnoDB DEFAULT CHARSET=utf8mb4 ROW_FORMAT=DYNAMIC;

-- --------------------------------------------------------

--
-- Table structure for table `dt_daftar_aktiva_detail`
--

CREATE TABLE `dt_daftar_aktiva_detail` (
  `no_jurnal` varchar(20) DEFAULT NULL,
  `mastercoa_id` int(11) DEFAULT NULL,
  `debit` decimal(15,2) DEFAULT NULL,
  `kredit` decimal(15,2) DEFAULT NULL
) ENGINE=InnoDB DEFAULT CHARSET=utf8mb4 ROW_FORMAT=DYNAMIC;

--
-- Dumping data for table `dt_daftar_aktiva_detail`
--

INSERT INTO `dt_daftar_aktiva_detail` (`no_jurnal`, `mastercoa_id`, `debit`, `kredit`) VALUES
('12345', 2, '1000000.00', '0.00'),
('12345', 13, '0.00', '1000000.00'),
('SFDSF234', 2, '0.00', '20.00'),
('SFDSF234', 10, '20.00', '0.00');

-- --------------------------------------------------------

--
-- Table structure for table `dt_datakwitansi`
--

CREATE TABLE `dt_datakwitansi` (
  `datakwitansi_id` int(11) NOT NULL,
  `tanggal` date NOT NULL,
  `tanggalbayar` date DEFAULT NULL,
  `no_polisi` varchar(255) NOT NULL,
  `nama_driver` varchar(255) NOT NULL,
  `mastersupplier_id` int(11) NOT NULL,
  `tekananawal` float NOT NULL DEFAULT '0',
  `tekananakhir` float NOT NULL DEFAULT '0',
  `totalisatorawal` float NOT NULL DEFAULT '0',
  `totalisatorakhir` float NOT NULL DEFAULT '0',
  `volumegas` float NOT NULL DEFAULT '0',
  `total` float NOT NULL DEFAULT '0',
  `status` enum('Y','N') NOT NULL DEFAULT 'N'
) ENGINE=InnoDB DEFAULT CHARSET=utf8mb4;

--
-- Dumping data for table `dt_datakwitansi`
--

INSERT INTO `dt_datakwitansi` (`datakwitansi_id`, `tanggal`, `tanggalbayar`, `no_polisi`, `nama_driver`, `mastersupplier_id`, `tekananawal`, `tekananakhir`, `totalisatorawal`, `totalisatorakhir`, `volumegas`, `total`, `status`) VALUES
(1, '2023-07-12', NULL, 'AA 2239 ZZ', 'Supra', 1, 400, 400, 400, 400, 400, 1, 'Y'),
(3, '2023-07-13', NULL, 'T 1230 VO', 'Ade', 2, 100, 150, 100, 150, 1500, 200000, 'Y'),
(4, '2023-07-15', NULL, 'BB 2222 MO', 'Cahya', 2, 200, 200, 200, 200, 2000, 3, 'N'),
(5, '2023-08-01', NULL, 'T 5560 YQ', 'Bagas', 2, 10, 50, 100, 500, 1000, 50000, 'N'),
(6, '2023-08-03', NULL, 'T 2912 ZZ', 'Andi', 1, 20, 40, 200, 400, 20, 1000000, 'Y'),
(7, '2023-08-10', NULL, 'T 1230 VO', 'Dino', 2, 10, 10, 10, 10, 10, 200000, 'N');

-- --------------------------------------------------------

--
-- Table structure for table `dt_jurnal_balik`
--

CREATE TABLE `dt_jurnal_balik` (
  `jurnalbalik_id` int(11) NOT NULL,
  `no_jurnal` varchar(255) DEFAULT NULL,
  `tanggal` date DEFAULT NULL,
  `keterangan` varchar(255) DEFAULT NULL,
  `tot_debit` decimal(15,2) NOT NULL,
  `tot_kredit` decimal(15,2) NOT NULL
) ENGINE=InnoDB DEFAULT CHARSET=utf8mb4 ROW_FORMAT=DYNAMIC;

--
-- Dumping data for table `dt_jurnal_balik`
--

INSERT INTO `dt_jurnal_balik` (`jurnalbalik_id`, `no_jurnal`, `tanggal`, `keterangan`, `tot_debit`, `tot_kredit`) VALUES
(3, 'TS.0013', '2022-01-31', 'Jurnal Pemindahbukuan untuk Accumulasi : O/E: 1& 2', '63040331.99', '63040331.99'),
(4, 'TS.0014', '2022-01-31', 'Jurnal Penysesuaian Saldo Aktiva', '1.23', '1.23');

-- --------------------------------------------------------

--
-- Table structure for table `dt_jurnal_balik_detail`
--

CREATE TABLE `dt_jurnal_balik_detail` (
  `no_jurnal` varchar(20) DEFAULT NULL,
  `mastercoa_id` int(11) DEFAULT NULL,
  `debit` decimal(15,2) NOT NULL,
  `kredit` decimal(15,2) NOT NULL
) ENGINE=InnoDB DEFAULT CHARSET=utf8mb4 ROW_FORMAT=DYNAMIC;

--
-- Dumping data for table `dt_jurnal_balik_detail`
--

INSERT INTO `dt_jurnal_balik_detail` (`no_jurnal`, `mastercoa_id`, `debit`, `kredit`) VALUES
('TS.0013', 61, '63040331.99', '0.00'),
('TS.0013', 62, '0.00', '63040331.99'),
('TS.0014', 75, '1.23', '0.00'),
('TS.0014', 69, '0.00', '0.01'),
('TS.0014', 68, '0.00', '1.11'),
('TS.0014', 70, '0.00', '0.06'),
('TS.0014', 62, '0.00', '0.05');

-- --------------------------------------------------------

--
-- Table structure for table `dt_jurnal_keluar`
--

CREATE TABLE `dt_jurnal_keluar` (
  `jurnalkeluar_id` int(11) NOT NULL,
  `no_jurnal` varchar(255) DEFAULT NULL,
  `tanggal` date DEFAULT NULL,
  `keterangan` varchar(255) DEFAULT NULL,
  `tot_debit` decimal(15,2) NOT NULL,
  `tot_kredit` decimal(15,2) NOT NULL
) ENGINE=InnoDB DEFAULT CHARSET=utf8mb4 ROW_FORMAT=DYNAMIC;

-- --------------------------------------------------------

--
-- Table structure for table `dt_jurnal_keluar_detail`
--

CREATE TABLE `dt_jurnal_keluar_detail` (
  `no_jurnal` varchar(20) DEFAULT NULL,
  `mastercoa_id` int(11) DEFAULT NULL,
  `debit` decimal(15,2) NOT NULL,
  `kredit` decimal(15,2) NOT NULL
) ENGINE=InnoDB DEFAULT CHARSET=utf8mb4 ROW_FORMAT=DYNAMIC;

-- --------------------------------------------------------

--
-- Table structure for table `dt_jurnal_masuk`
--

CREATE TABLE `dt_jurnal_masuk` (
  `jurnalmasuk_id` int(11) NOT NULL,
  `no_jurnal` varchar(255) DEFAULT NULL,
  `tanggal` date DEFAULT NULL,
  `keterangan` varchar(255) DEFAULT NULL,
  `tot_debit` decimal(15,2) NOT NULL,
  `tot_kredit` decimal(15,2) NOT NULL,
  `status_postingan_jurnal` varchar(255) DEFAULT NULL,
  `tipe_jurnal` varchar(255) DEFAULT NULL,
  `status` enum('0','1') DEFAULT NULL,
  `qty` int(11) DEFAULT NULL,
  `hargasatuan` int(11) DEFAULT NULL
) ENGINE=InnoDB DEFAULT CHARSET=utf8mb4 ROW_FORMAT=DYNAMIC;

--
-- Dumping data for table `dt_jurnal_masuk`
--

INSERT INTO `dt_jurnal_masuk` (`jurnalmasuk_id`, `no_jurnal`, `tanggal`, `keterangan`, `tot_debit`, `tot_kredit`, `status_postingan_jurnal`, `tipe_jurnal`, `status`, `qty`, `hargasatuan`) VALUES
(30, 'JM01', '2022-01-01', 'Penjualan Tunai', '2000000.00', '2000000.00', NULL, '1', '0', NULL, NULL),
(31, 'JM02', '2022-01-03', 'Penjualan Termin', '5000000.00', '5000000.00', NULL, '1', '1', NULL, NULL),
(32, 'JM03', '2022-01-10', 'Pembelian Tunai', '3000000.00', '3000000.00', NULL, '2', '1', NULL, NULL),
(33, 'JM04', '2022-01-20', 'Sewa Gedung', '5000000.00', '5000000.00', NULL, '2', '0', NULL, NULL),
(34, 'JM05', '2022-01-25', 'Beban Gaji', '3000000.00', '3000000.00', NULL, '2', '0', NULL, NULL),
(35, 'JM06', '2022-01-27', 'Penjualan Tunai', '10000000.00', '10000000.00', NULL, '1', '0', NULL, NULL),
(36, 'JM07', '2022-01-29', 'Penjualan Kredit', '5000000.00', '5000000.00', NULL, '1', '1', NULL, NULL),
(37, 'JM08', '2022-01-29', 'Pembayaran Piutang', '2000000.00', '2000000.00', NULL, '1', '1', NULL, NULL),
(38, 'JM09', '2022-01-31', 'Bayar Listrik', '300000.00', '300000.00', NULL, '2', '1', NULL, NULL),
(39, 'JM10', '2023-04-27', 'Pembelian', '10000000.00', '10000000.00', NULL, '1', '0', NULL, NULL),
(45, 'JM0011', '0000-00-00', 'JM0011', '400000.00', '400000.00', NULL, '1', NULL, NULL, NULL),
(46, 'JM0092', '2023-07-06', 'JM0091', '750000.00', '750000.00', NULL, '1', '1', 200, 40000),
(51, 'GEA-OUT-202308-51', '2023-08-10', 'Tes', '100000.00', '100000.00', NULL, '2', '0', 100, 20000);

-- --------------------------------------------------------

--
-- Table structure for table `dt_jurnal_masuk_detail`
--

CREATE TABLE `dt_jurnal_masuk_detail` (
  `no_jurnal` varchar(100) DEFAULT NULL,
  `mastercoa_id` int(11) DEFAULT NULL,
  `debit` decimal(15,2) NOT NULL,
  `kredit` decimal(15,2) NOT NULL
) ENGINE=InnoDB DEFAULT CHARSET=utf8mb4 ROW_FORMAT=DYNAMIC;

--
-- Dumping data for table `dt_jurnal_masuk_detail`
--

INSERT INTO `dt_jurnal_masuk_detail` (`no_jurnal`, `mastercoa_id`, `debit`, `kredit`) VALUES
('JM01', 93, '2000000.00', '0.00'),
('JM01', 109, '0.00', '2000000.00'),
('JM02', 109, '0.00', '5000000.00'),
('JM02', 93, '2500000.00', '0.00'),
('JM02', 95, '2500000.00', '0.00'),
('JM03', 116, '3000000.00', '0.00'),
('JM03', 93, '0.00', '3000000.00'),
('JM04', 111, '5000000.00', '0.00'),
('JM04', 93, '0.00', '5000000.00'),
('JM05', 110, '3000000.00', '0.00'),
('JM05', 93, '0.00', '3000000.00'),
('JM06', 117, '0.00', '10000000.00'),
('JM06', 93, '10000000.00', '0.00'),
('JM07', 117, '0.00', '5000000.00'),
('JM07', 95, '3000000.00', '0.00'),
('JM07', 93, '2000000.00', '0.00'),
('JM08', 95, '0.00', '2000000.00'),
('JM08', 93, '2000000.00', '0.00'),
('JM09', 93, '0.00', '300000.00'),
('JM09', 118, '300000.00', '0.00'),
('JM10', 93, '0.00', '10000000.00'),
('JM10', 116, '10000000.00', '0.00'),
('JM0011', 93, '400000.00', '400000.00'),
('JM0092', 93, '200000.00', '200000.00'),
('JM0092', 94, '500000.00', '500000.00'),
('JM0092', 94, '50000.00', '0.00'),
('JM0092', 99, '0.00', '50000.00'),
('GEA-IN-202308-51', 94, '100000.00', '0.00'),
('GEA-IN-202308-51', 98, '0.00', '50000.00'),
('GEA-IN-202308-51', 99, '0.00', '50000.00'),
('GEA-OUT-202308-51', 94, '100000.00', '0.00'),
('GEA-OUT-202308-51', 98, '0.00', '50000.00'),
('GEA-OUT-202308-51', 99, '0.00', '50000.00');

-- --------------------------------------------------------

--
-- Table structure for table `dt_kelompokakun`
--

CREATE TABLE `dt_kelompokakun` (
  `id_kelompokakun` int(11) DEFAULT NULL,
  `nama` varchar(255) DEFAULT NULL
) ENGINE=InnoDB DEFAULT CHARSET=utf8 ROW_FORMAT=DYNAMIC;

--
-- Dumping data for table `dt_kelompokakun`
--

INSERT INTO `dt_kelompokakun` (`id_kelompokakun`, `nama`) VALUES
(1, 'Aset/Aktiva'),
(2, 'Kewajiban/Passiva'),
(3, 'Modal'),
(4, 'Pendapatan'),
(5, 'Beban');

-- --------------------------------------------------------

--
-- Table structure for table `dt_mastercoa`
--

CREATE TABLE `dt_mastercoa` (
  `mastercoa_id` int(11) NOT NULL,
  `id_kelompokakun` int(11) DEFAULT NULL,
  `kode` varchar(100) NOT NULL,
  `nama` varchar(255) NOT NULL,
  `parent_id` int(11) DEFAULT NULL,
  `bank` varchar(100) DEFAULT NULL,
  `norekening` varchar(100) DEFAULT NULL,
  `atasnama` varchar(255) DEFAULT NULL,
  `jenis` enum('Debit','Kredit') DEFAULT NULL
) ENGINE=InnoDB DEFAULT CHARSET=utf8mb4 ROW_FORMAT=DYNAMIC;

--
-- Dumping data for table `dt_mastercoa`
--

INSERT INTO `dt_mastercoa` (`mastercoa_id`, `id_kelompokakun`, `kode`, `nama`, `parent_id`, `bank`, `norekening`, `atasnama`, `jenis`) VALUES
(1, 1, '100', 'Primary 100', NULL, 'BCA', '01918271', 'Asep Nandar', 'Debit'),
(2, 2, '200', 'Primary 200', NULL, 'BCA', '01918271', 'Asep Nandar', 'Debit'),
(3, 3, '300', 'Primary 300', NULL, 'BCA', '01918271', 'Asep Nandar', 'Debit'),
(4, 4, '400', 'Primary 400', NULL, 'BCA', '01918271', 'Asep Nandar', 'Debit'),
(5, 5, '500', 'Primary 500', NULL, 'BCA', '01918271', 'Asep Nandar', 'Debit'),
(93, 1, '101', 'Aset/Aktiva', 1, 'BRI', '320191921-01923810', 'Hakim Makarim', 'Debit'),
(94, 1, '102', 'Persediaan Barang Dagang', 1, 'BCA', '01918271', 'Asep Nandar', 'Debit'),
(95, 1, '103', 'Piutang Dagang', 1, 'BCA', '01918271', 'Asep Nandar', 'Debit'),
(96, 1, '104', 'Perlengkapan', 1, 'BCA', '01918271', 'Asep Nandar', 'Debit'),
(97, 1, '105', 'Iklan Dibayar Dimuka', 1, 'BCA', '01918271', 'Asep Nandar', 'Debit'),
(98, 1, '106', 'Sewa Dibayar Dimuka', 1, 'BCA', '01918271', 'Asep Nandar', 'Kredit'),
(99, 1, '107', 'Asuransi Dibayar Dimuka', 1, 'BCA', '01918271', 'Asep Nandar', 'Kredit'),
(100, 1, '121', 'Peralatan', 1, 'BCA', '01918271', 'Asep Nandar', 'Debit'),
(101, 1, '122', 'Akumulasi Penyusutan Peralatan', 1, 'BCA', '01918271', 'Asep Nandar', 'Debit'),
(102, 1, '123', 'Kendaraan', 1, 'BCA', '01918271', 'Asep Nandar', 'Kredit'),
(103, 1, '124', 'Akumulasi penyusutan Kendaraan', 1, 'BCA', '01918271', 'Asep Nandar', 'Debit'),
(104, 1, '125', 'Gedung', 1, 'BCA', '01918271', 'Asep Nandar', 'Debit'),
(105, 1, '126', 'Akumulasi penyusutan Gedung', 1, 'BCA', '01918271', 'Asep Nandar', 'Debit'),
(106, 1, '127', 'Tanah', 1, 'BCA', '01918271', 'Asep Nandar', 'Debit'),
(107, 2, '201', 'Utang', 2, 'BCA', '01918271', 'Asep Nandar', 'Debit'),
(108, 3, '301', 'Modal', 3, 'BCA', '01918271', 'Asep Nandar', 'Debit'),
(109, 4, '401', 'Pendapatan Usaha', 4, 'BCA', '01918271', 'Asep Nandar', 'Debit'),
(110, 5, '501', 'Beban Gaji', 5, 'BCA', '01918271', 'Asep Nandar', 'Debit'),
(111, 5, '502', 'Beban Sewa Gedung', 5, 'BCA', '01918271', 'Asep Nandar', 'Debit'),
(112, 5, '503', 'Beban Perlengkapan', 5, 'BCA', '01918271', 'Asep Nandar', 'Debit'),
(113, 5, '504', 'Beban Iklan', 5, 'BCA', '01918271', 'Asep Nandar', 'Debit'),
(114, 5, '505', 'Beban Penyusutan Peralatan', 5, 'BCA', '01918271', 'Asep Nandar', 'Debit'),
(115, 5, '506', 'Beban Lain Lain', 5, 'BCA', '01918271', 'Asep Nandar', 'Debit'),
(116, 5, '507', 'Pembelian', 5, 'BCA', '01918271', 'Asep Nandar', 'Debit'),
(117, 4, '402', 'Penjualan', 4, 'BCA', '01918271', 'Asep Nandar', 'Debit'),
(118, 5, '508', 'Beban Listrik', 5, 'BCA', '01918271', 'Asep Nandar', 'Debit');

-- --------------------------------------------------------

--
-- Table structure for table `dt_mastercustomer`
--

CREATE TABLE `dt_mastercustomer` (
  `mastercustomer_id` int(11) NOT NULL,
  `namaperusahaan` varchar(255) NOT NULL DEFAULT '0',
  `alamat` varchar(255) NOT NULL DEFAULT '0',
  `namapic` varchar(255) NOT NULL DEFAULT '0',
  `notelp` varchar(255) NOT NULL DEFAULT '0',
  `radius` float NOT NULL DEFAULT '0'
) ENGINE=InnoDB DEFAULT CHARSET=utf8mb4;

--
-- Dumping data for table `dt_mastercustomer`
--

INSERT INTO `dt_mastercustomer` (`mastercustomer_id`, `namaperusahaan`, `alamat`, `namapic`, `notelp`, `radius`) VALUES
(1, 'PT Cipta Jaya', 'Subang Kota', '------', '0', 0);

-- --------------------------------------------------------

--
-- Table structure for table `dt_masterrekening`
--

CREATE TABLE `dt_masterrekening` (
  `masterrekening_id` int(11) NOT NULL,
  `namarekening` varchar(255) NOT NULL DEFAULT '0',
  `atasnama` varchar(255) NOT NULL DEFAULT '0',
  `norekening` varchar(255) NOT NULL DEFAULT '0'
) ENGINE=InnoDB DEFAULT CHARSET=utf8mb4;

--
-- Dumping data for table `dt_masterrekening`
--

INSERT INTO `dt_masterrekening` (`masterrekening_id`, `namarekening`, `atasnama`, `norekening`) VALUES
(1, 'BCA', 'GEA', '091892710'),
(2, 'BRI', 'Agus', '271028201828371');

-- --------------------------------------------------------

--
-- Table structure for table `dt_mastersupplier`
--

CREATE TABLE `dt_mastersupplier` (
  `mastersupplier_id` int(11) NOT NULL,
  `namaspbg` varchar(255) DEFAULT NULL,
  `lokasispbg` varchar(255) DEFAULT NULL,
  `jarakspbg` float DEFAULT NULL,
  `hargasatuan` float DEFAULT NULL
) ENGINE=InnoDB DEFAULT CHARSET=utf8mb4;

--
-- Dumping data for table `dt_mastersupplier`
--

INSERT INTO `dt_mastersupplier` (`mastersupplier_id`, `namaspbg`, `lokasispbg`, `jarakspbg`, `hargasatuan`) VALUES
(1, 'SPBG subkot', 'Cibogo', 3, 50000),
(2, 'SPBG Kalijati', 'Kalijati', 5, 20000);

-- --------------------------------------------------------

--
-- Table structure for table `dt_pengaturan`
--

CREATE TABLE `dt_pengaturan` (
  `pengaturan_id` int(11) NOT NULL,
  `nama` varchar(255) DEFAULT NULL,
  `email` varchar(255) DEFAULT NULL,
  `website` varchar(255) DEFAULT NULL,
  `alamat` varchar(255) DEFAULT NULL,
  `logo` varchar(255) DEFAULT NULL
) ENGINE=InnoDB DEFAULT CHARSET=utf8mb4 ROW_FORMAT=DYNAMIC;

--
-- Dumping data for table `dt_pengaturan`
--

INSERT INTO `dt_pengaturan` (`pengaturan_id`, `nama`, `email`, `website`, `alamat`, `logo`) VALUES
(1, 'Mutiara Softindo', 'mutiarasoftindo@gmail.com', 'www.mutiarasoftindo.co.id', 'Jl. H.Sofyan No. 121B Depok Jawa Barat 16451', '571315d2e70e12a05283cbb2ab3d8230.png');

-- --------------------------------------------------------

--
-- Table structure for table `dt_penyusutan`
--

CREATE TABLE `dt_penyusutan` (
  `penyusutan_id` int(11) NOT NULL,
  `no_jurnal` varchar(255) DEFAULT NULL,
  `tanggal` date DEFAULT NULL,
  `keterangan` varchar(255) DEFAULT NULL,
  `tot_debit` decimal(15,2) NOT NULL,
  `tot_kredit` decimal(15,2) NOT NULL
) ENGINE=InnoDB DEFAULT CHARSET=utf8mb4 ROW_FORMAT=DYNAMIC;

--
-- Dumping data for table `dt_penyusutan`
--

INSERT INTO `dt_penyusutan` (`penyusutan_id`, `no_jurnal`, `tanggal`, `keterangan`, `tot_debit`, `tot_kredit`) VALUES
(91, 'TS.0004', '2022-01-31', 'Beban Penyusutan Rumah B-9 Januari 2022', '700451.35', '700451.35'),
(92, 'TS.0005', '2022-01-31', 'Beban Penyusutan O/E- 1 Januari 2022', '56500.46', '56500.46'),
(93, 'TS.0006', '2022-01-31', 'Beban Penyusutan O/E-2 Januari 2022', '36644.20', '36644.20'),
(94, 'TS.0007', '2022-01-31', 'Beban Penyusutan Kendaraan Sedan Jan 2022', '1695052.13', '1695052.13'),
(95, 'TS.0008', '2022-01-31', 'Beban Penyusutan Kendaraan Komersil Januari 2022', '10020205.91', '10020205.91'),
(96, 'TS.0009', '2022-01-31', 'Beban Penyusutan  Kendaraan Motor Januari 2022', '34505.45', '34505.45');

-- --------------------------------------------------------

--
-- Table structure for table `dt_penyusutan_detail`
--

CREATE TABLE `dt_penyusutan_detail` (
  `no_jurnal` varchar(20) DEFAULT NULL,
  `mastercoa_id` int(11) DEFAULT NULL,
  `debit` decimal(15,2) NOT NULL,
  `kredit` decimal(15,2) NOT NULL
) ENGINE=InnoDB DEFAULT CHARSET=utf8mb4 ROW_FORMAT=DYNAMIC;

--
-- Dumping data for table `dt_penyusutan_detail`
--

INSERT INTO `dt_penyusutan_detail` (`no_jurnal`, `mastercoa_id`, `debit`, `kredit`) VALUES
('12345', 2, '1000000.00', '0.00'),
('12345', 13, '0.00', '1000000.00'),
('ERT214', 3, '0.00', '20.00'),
('ERT214', 14, '20.00', '0.00'),
('112222-Pen', 3, '3946484.00', '0.00'),
('112222-Pen', 64, '0.00', '3946484.00'),
('TS.0004', 59, '700451.35', '0.00'),
('TS.0004', 60, '0.00', '700451.35'),
('TS.0005', 64, '56500.46', '0.00'),
('TS.0005', 61, '0.00', '56500.46'),
('TS.0006', 64, '36644.20', '0.00'),
('TS.0006', 62, '0.00', '36644.20'),
('TS.0007', 65, '1695052.13', '0.00'),
('TS.0007', 68, '0.00', '1695052.13'),
('TS.0008', 66, '10020205.91', '0.00'),
('TS.0008', 69, '0.00', '10020205.91'),
('TS.0009', 67, '34505.45', '0.00'),
('TS.0009', 70, '0.00', '34505.45');

-- --------------------------------------------------------

--
-- Table structure for table `dt_posting_bulanan`
--

CREATE TABLE `dt_posting_bulanan` (
  `postingbulanan_id` int(11) NOT NULL,
  `jurnalmasuk_id` int(11) DEFAULT NULL,
  `status_posting` varchar(255) DEFAULT NULL,
  `tgl_posting` date DEFAULT NULL,
  `tgl_awal` date DEFAULT NULL,
  `tgl_akhir` date DEFAULT NULL
) ENGINE=InnoDB DEFAULT CHARSET=utf8 ROW_FORMAT=DYNAMIC;

--
-- Dumping data for table `dt_posting_bulanan`
--

INSERT INTO `dt_posting_bulanan` (`postingbulanan_id`, `jurnalmasuk_id`, `status_posting`, `tgl_posting`, `tgl_awal`, `tgl_akhir`) VALUES
(295, 3, '1', '2023-03-16', '2022-01-01', '2022-01-31'),
(296, 5, '1', '2023-03-16', '2022-01-01', '2022-01-31'),
(297, 6, '1', '2023-03-16', '2022-01-01', '2022-01-31'),
(298, 7, '1', '2023-03-16', '2022-01-01', '2022-01-31'),
(299, 8, '1', '2023-03-16', '2022-01-01', '2022-01-31'),
(300, 9, '1', '2023-03-16', '2022-01-01', '2022-01-31'),
(301, 10, '1', '2023-03-16', '2022-01-01', '2022-01-31'),
(302, 11, '1', '2023-03-16', '2022-01-01', '2022-01-31'),
(303, 12, '1', '2023-03-16', '2022-01-01', '2022-01-31'),
(304, 13, '1', '2023-03-16', '2022-01-01', '2022-01-31'),
(305, 25, '1', '2023-03-16', '2022-01-01', '2022-01-31'),
(306, 26, '1', '2023-03-16', '2022-01-01', '2022-01-31'),
(307, 27, '1', '2023-03-16', '2022-01-01', '2022-01-31'),
(308, 3, '1', '2023-03-16', '2022-01-01', '2022-01-31'),
(309, 5, '1', '2023-03-16', '2022-01-01', '2022-01-31'),
(310, 6, '1', '2023-03-16', '2022-01-01', '2022-01-31'),
(311, 7, '1', '2023-03-16', '2022-01-01', '2022-01-31'),
(312, 8, '1', '2023-03-16', '2022-01-01', '2022-01-31'),
(313, 9, '1', '2023-03-16', '2022-01-01', '2022-01-31'),
(314, 10, '1', '2023-03-16', '2022-01-01', '2022-01-31'),
(315, 11, '1', '2023-03-16', '2022-01-01', '2022-01-31'),
(316, 12, '1', '2023-03-16', '2022-01-01', '2022-01-31'),
(317, 13, '1', '2023-03-16', '2022-01-01', '2022-01-31'),
(318, 25, '1', '2023-03-16', '2022-01-01', '2022-01-31'),
(319, 26, '1', '2023-03-16', '2022-01-01', '2022-01-31'),
(320, 27, '1', '2023-03-16', '2022-01-01', '2022-01-31');

-- --------------------------------------------------------

--
-- Table structure for table `dt_saldo_awal`
--

CREATE TABLE `dt_saldo_awal` (
  `saldoawal_id` int(11) NOT NULL,
  `mastercoa_id` int(11) NOT NULL,
  `saldo_normal` decimal(15,2) NOT NULL,
  `saldo_akhir` decimal(15,2) DEFAULT NULL,
  `debit` decimal(15,2) DEFAULT NULL,
  `kredit` decimal(15,2) DEFAULT NULL,
  `status` varchar(255) DEFAULT NULL,
  `periode` varchar(255) DEFAULT NULL
) ENGINE=InnoDB DEFAULT CHARSET=utf8mb4 ROW_FORMAT=DYNAMIC;

--
-- Dumping data for table `dt_saldo_awal`
--

INSERT INTO `dt_saldo_awal` (`saldoawal_id`, `mastercoa_id`, `saldo_normal`, `saldo_akhir`, `debit`, `kredit`, `status`, `periode`) VALUES
(419, 93, '10000000.00', '0.00', '10000000.00', '0.00', '1', '2022'),
(420, 94, '5000000.00', '0.00', '5000000.00', '0.00', '1', '2022'),
(421, 95, '1000000.00', '0.00', '1000000.00', '0.00', '1', '2022'),
(422, 107, '3000000.00', '0.00', '0.00', '3000000.00', '2', '2022'),
(423, 108, '13000000.00', '0.00', '0.00', '13000000.00', '2', '2022');

-- --------------------------------------------------------

--
-- Table structure for table `dt_selisih_kurs`
--

CREATE TABLE `dt_selisih_kurs` (
  `selisihkurs_id` int(11) NOT NULL,
  `no_jurnal` varchar(255) DEFAULT NULL,
  `tanggal` date DEFAULT NULL,
  `keterangan` varchar(255) DEFAULT NULL,
  `tot_debit` decimal(15,2) NOT NULL,
  `tot_kredit` decimal(15,2) NOT NULL
) ENGINE=InnoDB DEFAULT CHARSET=utf8mb4 ROW_FORMAT=DYNAMIC;

--
-- Dumping data for table `dt_selisih_kurs`
--

INSERT INTO `dt_selisih_kurs` (`selisihkurs_id`, `no_jurnal`, `tanggal`, `keterangan`, `tot_debit`, `tot_kredit`) VALUES
(1, 'TS.0010', '2022-01-31', 'Laba Selisih Kurs UOB. Januari 2022', '32121.50', '32121.50'),
(3, 'TS.0011', '2022-01-31', 'Rugi Selisih Kurus Petty   Cash USD.  Jan 2022', '3863.00', '3863.00');

-- --------------------------------------------------------

--
-- Table structure for table `dt_selisih_kurs_detail`
--

CREATE TABLE `dt_selisih_kurs_detail` (
  `no_jurnal` varchar(20) DEFAULT NULL,
  `mastercoa_id` int(11) DEFAULT NULL,
  `debit` decimal(15,2) NOT NULL,
  `kredit` decimal(15,2) NOT NULL
) ENGINE=InnoDB DEFAULT CHARSET=utf8mb4 ROW_FORMAT=DYNAMIC;

--
-- Dumping data for table `dt_selisih_kurs_detail`
--

INSERT INTO `dt_selisih_kurs_detail` (`no_jurnal`, `mastercoa_id`, `debit`, `kredit`) VALUES
('12345', 2, '1000000.00', '0.00'),
('12345', 13, '0.00', '1000000.00'),
('DGDSG345', 2, '0.00', '5000.00'),
('DGDSG345', 13, '5000.00', '0.00'),
('TS.0010', 11, '32121.50', '0.00'),
('TS.0010', 71, '0.00', '32121.50'),
('TS.0011', 74, '3863.00', '0.00'),
('TS.0011', 2, '0.00', '3863.00');

-- --------------------------------------------------------

--
-- Table structure for table `dt_suratjalan_customer`
--

CREATE TABLE `dt_suratjalan_customer` (
  `suratjalan_customer_id` int(11) NOT NULL,
  `datakwitansi_id` int(11) NOT NULL,
  `mastercustomer_id` int(11) NOT NULL,
  `tanggalkirim` date NOT NULL
) ENGINE=InnoDB DEFAULT CHARSET=utf8mb4;

--
-- Dumping data for table `dt_suratjalan_customer`
--

INSERT INTO `dt_suratjalan_customer` (`suratjalan_customer_id`, `datakwitansi_id`, `mastercustomer_id`, `tanggalkirim`) VALUES
(2, 3, 1, '2023-07-15'),
(3, 1, 1, '2022-10-10'),
(4, 3, 1, '2023-08-12');

-- --------------------------------------------------------

--
-- Table structure for table `dt_tagihan_customer`
--

CREATE TABLE `dt_tagihan_customer` (
  `tagihan_customer_id` int(11) NOT NULL,
  `mastercustomer_id` int(11) NOT NULL DEFAULT '0',
  `suratjalan_customer_id` int(11) NOT NULL DEFAULT '0',
  `tekananawal` float NOT NULL DEFAULT '0',
  `tekananakhir` float NOT NULL DEFAULT '0',
  `volumeberangkat` float NOT NULL DEFAULT '0',
  `preasure` float NOT NULL DEFAULT '0',
  `meterawal` float NOT NULL DEFAULT '0',
  `meterakhir` float NOT NULL DEFAULT '0',
  `bbm` float NOT NULL DEFAULT '0',
  `ritase` float NOT NULL DEFAULT '0',
  `statushutang` enum('Y','N') DEFAULT 'N'
) ENGINE=InnoDB DEFAULT CHARSET=utf8mb4;

--
-- Dumping data for table `dt_tagihan_customer`
--

INSERT INTO `dt_tagihan_customer` (`tagihan_customer_id`, `mastercustomer_id`, `suratjalan_customer_id`, `tekananawal`, `tekananakhir`, `volumeberangkat`, `preasure`, `meterawal`, `meterakhir`, `bbm`, `ritase`, `statushutang`) VALUES
(1, 1, 2, 100, 150, 50, 0.6, 28220.8, 28555.8, 0, 11000, 'N');

-- --------------------------------------------------------

--
-- Table structure for table `dt_user`
--

CREATE TABLE `dt_user` (
  `id` int(11) NOT NULL,
  `username` varchar(255) NOT NULL,
  `password` varchar(255) NOT NULL,
  `role` enum('akuntan','admin') NOT NULL
) ENGINE=InnoDB DEFAULT CHARSET=latin1 ROW_FORMAT=COMPACT;

--
-- Dumping data for table `dt_user`
--

INSERT INTO `dt_user` (`id`, `username`, `password`, `role`) VALUES
(1, 'admin', '21232f297a57a5a743894a0e4a801fc3', 'admin'),
(2, 'akuntan', '5acc540c98fc1ca5aeaaa9d5c69771c8', 'akuntan');

--
-- Indexes for dumped tables
--

--
-- Indexes for table `ci_sessions`
--
ALTER TABLE `ci_sessions`
  ADD PRIMARY KEY (`id`) USING BTREE,
  ADD KEY `ci_sessions_timestamp` (`timestamp`) USING BTREE;

--
-- Indexes for table `dt_daftar_aktiva`
--
ALTER TABLE `dt_daftar_aktiva`
  ADD PRIMARY KEY (`daftaraktiva_id`) USING BTREE;

--
-- Indexes for table `dt_datakwitansi`
--
ALTER TABLE `dt_datakwitansi`
  ADD PRIMARY KEY (`datakwitansi_id`);

--
-- Indexes for table `dt_jurnal_balik`
--
ALTER TABLE `dt_jurnal_balik`
  ADD PRIMARY KEY (`jurnalbalik_id`) USING BTREE;

--
-- Indexes for table `dt_jurnal_keluar`
--
ALTER TABLE `dt_jurnal_keluar`
  ADD PRIMARY KEY (`jurnalkeluar_id`) USING BTREE;

--
-- Indexes for table `dt_jurnal_masuk`
--
ALTER TABLE `dt_jurnal_masuk`
  ADD PRIMARY KEY (`jurnalmasuk_id`) USING BTREE;

--
-- Indexes for table `dt_mastercoa`
--
ALTER TABLE `dt_mastercoa`
  ADD PRIMARY KEY (`mastercoa_id`) USING BTREE;

--
-- Indexes for table `dt_mastercustomer`
--
ALTER TABLE `dt_mastercustomer`
  ADD PRIMARY KEY (`mastercustomer_id`);

--
-- Indexes for table `dt_masterrekening`
--
ALTER TABLE `dt_masterrekening`
  ADD PRIMARY KEY (`masterrekening_id`);

--
-- Indexes for table `dt_mastersupplier`
--
ALTER TABLE `dt_mastersupplier`
  ADD PRIMARY KEY (`mastersupplier_id`) USING BTREE;

--
-- Indexes for table `dt_pengaturan`
--
ALTER TABLE `dt_pengaturan`
  ADD PRIMARY KEY (`pengaturan_id`) USING BTREE;

--
-- Indexes for table `dt_penyusutan`
--
ALTER TABLE `dt_penyusutan`
  ADD PRIMARY KEY (`penyusutan_id`) USING BTREE;

--
-- Indexes for table `dt_posting_bulanan`
--
ALTER TABLE `dt_posting_bulanan`
  ADD PRIMARY KEY (`postingbulanan_id`) USING BTREE;

--
-- Indexes for table `dt_saldo_awal`
--
ALTER TABLE `dt_saldo_awal`
  ADD PRIMARY KEY (`saldoawal_id`) USING BTREE;

--
-- Indexes for table `dt_selisih_kurs`
--
ALTER TABLE `dt_selisih_kurs`
  ADD PRIMARY KEY (`selisihkurs_id`) USING BTREE;

--
-- Indexes for table `dt_suratjalan_customer`
--
ALTER TABLE `dt_suratjalan_customer`
  ADD PRIMARY KEY (`suratjalan_customer_id`);

--
-- Indexes for table `dt_tagihan_customer`
--
ALTER TABLE `dt_tagihan_customer`
  ADD PRIMARY KEY (`tagihan_customer_id`);

--
-- Indexes for table `dt_user`
--
ALTER TABLE `dt_user`
  ADD PRIMARY KEY (`id`) USING BTREE;

--
-- AUTO_INCREMENT for dumped tables
--

--
-- AUTO_INCREMENT for table `dt_daftar_aktiva`
--
ALTER TABLE `dt_daftar_aktiva`
  MODIFY `daftaraktiva_id` int(11) NOT NULL AUTO_INCREMENT;
--
-- AUTO_INCREMENT for table `dt_datakwitansi`
--
ALTER TABLE `dt_datakwitansi`
  MODIFY `datakwitansi_id` int(11) NOT NULL AUTO_INCREMENT, AUTO_INCREMENT=8;
--
-- AUTO_INCREMENT for table `dt_jurnal_balik`
--
ALTER TABLE `dt_jurnal_balik`
  MODIFY `jurnalbalik_id` int(11) NOT NULL AUTO_INCREMENT, AUTO_INCREMENT=5;
--
-- AUTO_INCREMENT for table `dt_jurnal_keluar`
--
ALTER TABLE `dt_jurnal_keluar`
  MODIFY `jurnalkeluar_id` int(11) NOT NULL AUTO_INCREMENT;
--
-- AUTO_INCREMENT for table `dt_jurnal_masuk`
--
ALTER TABLE `dt_jurnal_masuk`
  MODIFY `jurnalmasuk_id` int(11) NOT NULL AUTO_INCREMENT, AUTO_INCREMENT=52;
--
-- AUTO_INCREMENT for table `dt_mastercoa`
--
ALTER TABLE `dt_mastercoa`
  MODIFY `mastercoa_id` int(11) NOT NULL AUTO_INCREMENT, AUTO_INCREMENT=119;
--
-- AUTO_INCREMENT for table `dt_mastercustomer`
--
ALTER TABLE `dt_mastercustomer`
  MODIFY `mastercustomer_id` int(11) NOT NULL AUTO_INCREMENT, AUTO_INCREMENT=2;
--
-- AUTO_INCREMENT for table `dt_masterrekening`
--
ALTER TABLE `dt_masterrekening`
  MODIFY `masterrekening_id` int(11) NOT NULL AUTO_INCREMENT, AUTO_INCREMENT=3;
--
-- AUTO_INCREMENT for table `dt_mastersupplier`
--
ALTER TABLE `dt_mastersupplier`
  MODIFY `mastersupplier_id` int(11) NOT NULL AUTO_INCREMENT, AUTO_INCREMENT=3;
--
-- AUTO_INCREMENT for table `dt_pengaturan`
--
ALTER TABLE `dt_pengaturan`
  MODIFY `pengaturan_id` int(11) NOT NULL AUTO_INCREMENT, AUTO_INCREMENT=2;
--
-- AUTO_INCREMENT for table `dt_penyusutan`
--
ALTER TABLE `dt_penyusutan`
  MODIFY `penyusutan_id` int(11) NOT NULL AUTO_INCREMENT, AUTO_INCREMENT=97;
--
-- AUTO_INCREMENT for table `dt_posting_bulanan`
--
ALTER TABLE `dt_posting_bulanan`
  MODIFY `postingbulanan_id` int(11) NOT NULL AUTO_INCREMENT, AUTO_INCREMENT=321;
--
-- AUTO_INCREMENT for table `dt_saldo_awal`
--
ALTER TABLE `dt_saldo_awal`
  MODIFY `saldoawal_id` int(11) NOT NULL AUTO_INCREMENT, AUTO_INCREMENT=424;
--
-- AUTO_INCREMENT for table `dt_selisih_kurs`
--
ALTER TABLE `dt_selisih_kurs`
  MODIFY `selisihkurs_id` int(11) NOT NULL AUTO_INCREMENT, AUTO_INCREMENT=4;
--
-- AUTO_INCREMENT for table `dt_suratjalan_customer`
--
ALTER TABLE `dt_suratjalan_customer`
  MODIFY `suratjalan_customer_id` int(11) NOT NULL AUTO_INCREMENT, AUTO_INCREMENT=5;
--
-- AUTO_INCREMENT for table `dt_tagihan_customer`
--
ALTER TABLE `dt_tagihan_customer`
  MODIFY `tagihan_customer_id` int(11) NOT NULL AUTO_INCREMENT, AUTO_INCREMENT=2;
--
-- AUTO_INCREMENT for table `dt_user`
--
ALTER TABLE `dt_user`
  MODIFY `id` int(11) NOT NULL AUTO_INCREMENT, AUTO_INCREMENT=3;
/*!40101 SET CHARACTER_SET_CLIENT=@OLD_CHARACTER_SET_CLIENT */;
/*!40101 SET CHARACTER_SET_RESULTS=@OLD_CHARACTER_SET_RESULTS */;
/*!40101 SET COLLATION_CONNECTION=@OLD_COLLATION_CONNECTION */;
